CustomerID,Country,FirstPurchase,LastPurchase,R_Raw,F_Raw,M_Raw,R_Score,F_Score,M_Score,RFM_Score,Segment,Churned,ChurnedProbability
18251,United Kingdom,2009-12-22,2011-09-13,87,9,26278.86,3,5,5,13,Loyalists,0,0.1698
13802,United Kingdom,2010-02-16,2011-07-24,138,19,26259.11,3,5,5,13,Loyalists,1,0.1369
12939,United Kingdom,2010-01-12,2011-10-06,64,20,25264.8,3,5,5,13,Loyalists,0,0.1344
12409,Switzerland,2010-05-23,2011-09-22,78,7,23419.29,3,4,5,12,Loyalists,0,0.2784
18008,United Kingdom,2010-01-06,2011-09-30,70,23,19759.08,3,5,5,13,Loyalists,0,0.1285
15523,United Kingdom,2009-12-02,2011-09-16,84,16,17259.19,3,5,5,13,Loyalists,0,0.1514
13027,United Kingdom,2010-01-20,2011-08-18,113,19,17239.2,3,5,5,13,Loyalists,1,0.1418
16553,United Kingdom,2010-02-11,2011-06-29,163,33,16584.01,3,5,5,13,Loyalists,1,0.1039
16180,United Kingdom,2010-06-23,2011-08-31,100,13,16249.87,3,5,5,13,Loyalists,1,0.1621
12980,United Kingdom,2009-12-02,2011-07-05,157,21,16245.78,3,5,5,13,Loyalists,1,0.1363
15768,United Kingdom,2009-12-03,2011-08-16,115,34,15308.89,3,5,5,13,Loyalists,1,0.1021
12435,Denmark,2009-12-02,2011-09-21,79,6,13925.93,3,4,5,12,Loyalists,0,0.2925
17589,United Kingdom,2010-03-07,2011-10-10,60,18,13806.27,3,5,5,13,Loyalists,0,0.1469
14016,EIRE,2010-01-08,2011-07-01,161,11,11403.41,3,5,5,13,Loyalists,1,0.1723
15874,United Kingdom,2010-01-07,2011-10-07,63,21,11284.76,3,5,5,13,Loyalists,0,0.139
14045,United Kingdom,2010-01-08,2011-08-22,109,16,10986.63,3,5,5,13,Loyalists,1,0.1551
16984,United Kingdom,2010-03-07,2011-09-12,88,9,10350.53,3,5,5,13,Loyalists,0,0.1804
16182,United Kingdom,2010-03-09,2011-09-28,72,9,9971.65,3,5,5,13,Loyalists,0,0.1806
14101,United Kingdom,2010-03-28,2011-09-27,73,13,9961.93,3,5,5,13,Loyalists,0,0.166
18260,United Kingdom,2009-12-15,2011-06-20,172,23,9947.26,3,5,5,13,Loyalists,1,0.1337
12758,Portugal,2009-12-01,2011-08-15,116,7,9903.24,3,4,5,12,Loyalists,1,0.291
13162,United Kingdom,2009-12-04,2011-08-09,122,16,9275.49,3,5,5,13,Loyalists,1,0.1561
16709,United Kingdom,2009-12-09,2011-09-16,84,14,9056.01,3,5,5,13,Loyalists,0,0.1631
15939,United Kingdom,2010-11-30,2011-09-11,89,16,9019.84,3,5,5,13,Loyalists,0,0.1563
13555,United Kingdom,2010-01-19,2011-09-27,73,13,8891.84,3,5,5,13,Loyalists,0,0.1667
16550,United Kingdom,2009-12-02,2011-08-23,108,18,8807.68,3,5,5,13,Loyalists,1,0.1498
15260,United Kingdom,2009-12-06,2011-08-31,100,25,8767.73,3,5,5,13,Loyalists,1,0.1285
12643,France,2010-04-07,2011-08-03,128,12,8304.82,3,5,5,13,Loyalists,1,0.1707
12637,France,2010-06-14,2011-10-03,67,12,8283.81,3,5,5,13,Loyalists,0,0.1707
16556,United Kingdom,2009-12-07,2011-10-04,66,17,8012.58,3,5,5,13,Loyalists,0,0.1536
13869,United Kingdom,2010-01-17,2011-08-08,123,10,7996.87,3,5,5,13,Loyalists,1,0.1782
17085,United Kingdom,2009-12-06,2011-08-08,123,28,7839.27,3,5,5,13,Loyalists,1,0.1206
13141,United Kingdom,2009-12-09,2011-09-16,84,17,7656.08,3,5,5,13,Loyalists,0,0.1538
13373,United Kingdom,2009-12-06,2011-10-10,60,6,7587.19,3,4,5,12,Loyalists,0,0.2985
13082,United Kingdom,2009-12-22,2011-08-05,126,21,7335.75,3,5,5,13,Loyalists,1,0.1411
16253,United Kingdom,2009-12-08,2011-10-04,66,7,7272.2,3,4,5,12,Loyalists,0,0.2935
16745,United Kingdom,2011-02-01,2011-09-14,86,17,7180.7,3,5,5,13,Loyalists,0,0.1541
13552,United Kingdom,2010-02-19,2011-10-04,66,22,6948.92,3,5,5,13,Loyalists,0,0.1383
15321,United Kingdom,2010-02-03,2011-09-30,70,12,6709.73,3,5,5,13,Loyalists,0,0.1717
14844,United Kingdom,2010-04-12,2011-10-07,63,10,6702.43,3,5,5,13,Loyalists,0,0.1791
14461,United Kingdom,2010-01-18,2011-07-14,148,13,6676.52,3,5,5,13,Loyalists,1,0.1681
15674,United Kingdom,2009-12-08,2011-09-27,73,12,6613.52,3,5,5,13,Loyalists,0,0.1718
12843,United Kingdom,2009-12-13,2011-10-05,65,30,6583.36,3,5,5,13,Loyalists,0,0.1159
15980,United Kingdom,2010-06-01,2011-09-12,88,7,6543.68,3,4,5,12,Loyalists,0,0.2942
14855,United Kingdom,2010-04-08,2011-08-12,119,7,6520.3,3,4,5,12,Loyalists,1,0.2942
12823,United Kingdom,2010-01-29,2011-09-26,74,18,6501.5,3,5,5,13,Loyalists,0,0.1512
13317,United Kingdom,2009-12-13,2011-10-04,66,19,6486.09,3,5,5,13,Loyalists,0,0.1479
18094,United Kingdom,2010-01-07,2011-09-19,81,13,6391.52,3,5,5,13,Loyalists,0,0.1683
12497,Germany,2010-03-05,2011-09-19,81,3,6248.5,3,3,5,11,Loyalists,0,0.4498
16735,United Kingdom,2009-12-08,2011-09-22,78,14,6217.41,3,5,5,13,Loyalists,0,0.1649
15673,United Kingdom,2010-02-22,2011-09-12,88,9,6204.32,3,5,5,13,Loyalists,0,0.1832
13334,United Kingdom,2010-02-25,2011-09-18,82,5,6201.8,3,4,5,12,Loyalists,0,0.3052
17873,United Kingdom,2009-12-16,2011-09-20,80,18,6135.95,3,5,5,13,Loyalists,0,0.1514
18178,United Kingdom,2010-02-18,2011-08-03,128,11,6103.74,3,5,5,13,Loyalists,1,0.1758
17819,United Kingdom,2009-12-13,2011-09-29,71,12,6021.05,3,5,5,13,Loyalists,0,0.1722
15372,United Kingdom,2010-02-14,2011-07-25,137,8,6017.06,3,4,5,12,Loyalists,1,0.2894
16456,United Kingdom,2010-03-29,2011-09-01,99,13,6000.94,3,5,5,13,Loyalists,1,0.1686
17457,United Kingdom,2009-12-07,2011-08-05,126,14,5984.81,3,5,5,13,Loyalists,1,0.165
14535,United Kingdom,2010-02-24,2011-10-10,60,9,5961.89,3,5,5,13,Loyalists,0,0.1834
14918,United Kingdom,2010-04-08,2011-08-16,115,9,5955.81,3,5,5,13,Loyalists,1,0.1834
14257,United Kingdom,2010-03-01,2011-10-06,64,9,5954.45,3,5,5,13,Loyalists,0,0.1834
12455,Spain,2009-12-18,2011-09-27,73,10,5879.95,3,5,5,13,Loyalists,0,0.1796
17146,United Kingdom,2010-02-02,2011-08-26,105,13,5852.64,3,5,5,13,Loyalists,1,0.1687
16316,United Kingdom,2010-08-03,2011-10-06,64,13,5744.91,3,5,5,13,Loyalists,0,0.1687
13771,United Kingdom,2010-02-25,2011-10-06,64,9,5728.82,3,5,5,13,Loyalists,0,0.1835
13901,United Kingdom,2010-01-05,2011-09-28,72,15,5676.34,3,5,5,13,Loyalists,0,0.1617
13722,United Kingdom,2010-03-03,2011-07-31,131,10,5635.41,3,5,5,13,Loyalists,1,0.1798
16320,Unspecified,2010-01-27,2011-06-20,172,6,5628.99,3,4,5,12,Loyalists,1,0.3004
15228,United Kingdom,2010-07-28,2011-10-04,66,6,5580.27,3,4,5,12,Loyalists,0,0.3005
14210,United Kingdom,2010-01-06,2011-08-26,105,16,5556.57,3,5,5,13,Loyalists,1,0.1584
15299,United Kingdom,2010-01-12,2011-10-03,67,9,5556.53,3,5,5,13,Loyalists,0,0.1837
17204,United Kingdom,2010-06-10,2011-06-17,175,9,5504.69,3,5,5,13,Loyalists,1,0.1837
13593,United Kingdom,2010-03-02,2011-08-23,108,14,5493.29,3,5,5,13,Loyalists,1,0.1654
12378,Switzerland,2010-05-26,2011-08-02,129,2,5416.32,3,2,5,10,Hibernating,1,0.5983
14459,United Kingdom,2010-02-26,2011-07-07,155,2,5375.74,3,2,5,10,Hibernating,1,0.5983
15641,United Kingdom,2009-12-06,2011-08-26,105,12,5345.55,3,5,5,13,Loyalists,1,0.1726
13931,United Kingdom,2009-12-03,2011-09-05,95,11,5257.38,3,5,5,13,Loyalists,1,0.1763
14930,Channel Islands,2010-04-12,2011-08-23,108,6,5236.73,3,4,5,12,Loyalists,1,0.3008
17061,United Kingdom,2011-04-21,2011-09-27,73,11,5232.23,3,5,5,13,Loyalists,0,0.1764
15606,United Kingdom,2010-03-02,2011-10-09,61,17,5230.99,3,5,5,13,Loyalists,0,0.1552
13763,United Kingdom,2010-09-30,2011-10-07,63,3,5217.44,3,3,5,11,Loyalists,0,0.451
15812,United Kingdom,2009-12-15,2011-08-24,107,12,5201.47,3,5,5,13,Loyalists,1,0.1727
17802,United Kingdom,2009-12-13,2011-09-18,82,10,4946.22,3,5,5,13,Loyalists,0,0.1803
14970,United Kingdom,2010-02-14,2011-10-02,68,12,4919.35,3,5,5,13,Loyalists,0,0.1729
16919,United Kingdom,2010-08-19,2011-07-06,156,24,4909.66,3,5,5,13,Loyalists,1,0.1334
15379,United Kingdom,2010-11-04,2011-06-23,169,8,4877.84,3,4,5,12,Loyalists,1,0.2905
12688,Israel,2011-08-18,2011-08-18,113,1,4873.81,3,2,5,10,Hibernating,1,0.605
13562,United Kingdom,2010-01-14,2011-09-19,81,8,4838.18,3,4,5,12,Loyalists,0,0.2906
14235,United Kingdom,2010-03-30,2011-09-25,75,9,4717.99,3,5,5,13,Loyalists,0,0.1842
15410,United Kingdom,2010-04-19,2011-09-16,84,10,4685.72,3,5,5,13,Loyalists,0,0.1805
17050,United Kingdom,2010-01-26,2011-09-04,96,11,4648.59,3,5,5,13,Loyalists,1,0.1767
13124,United Kingdom,2010-11-19,2011-09-11,89,4,4641.66,3,3,5,11,Loyalists,0,0.4454
17400,United Kingdom,2009-12-17,2011-08-05,126,8,4623.28,3,4,5,12,Loyalists,1,0.2908
15245,United Kingdom,2010-04-23,2011-07-28,134,8,4610.84,3,4,5,12,Loyalists,1,0.2908
13851,United Kingdom,2010-01-29,2011-09-05,95,8,4606.46,3,4,5,12,Loyalists,1,0.2908
15416,United Kingdom,2010-02-01,2011-10-06,64,7,4572.82,3,4,5,12,Loyalists,0,0.2961
15581,United Kingdom,2009-12-02,2011-07-06,156,34,4505.16,3,5,5,13,Loyalists,1,0.1068
15764,United Kingdom,2010-08-18,2011-09-12,88,8,4503.08,3,4,5,12,Loyalists,0,0.2909
15122,United Kingdom,2010-03-30,2011-08-17,114,11,4487.27,3,5,5,13,Loyalists,1,0.1768
18064,United Kingdom,2010-02-01,2011-07-29,133,11,4481.83,3,5,5,13,Loyalists,1,0.1769
12916,United Kingdom,2010-01-24,2011-07-24,138,7,4479.73,3,4,5,12,Loyalists,1,0.2962
18093,United Kingdom,2010-03-31,2011-09-07,93,8,4452.71,3,4,5,12,Loyalists,1,0.2909
13505,Switzerland,2011-04-21,2011-09-28,72,4,4393.63,3,3,5,11,Loyalists,0,0.4456
14514,United Kingdom,2009-12-13,2011-10-09,61,9,4380.04,3,5,5,13,Loyalists,0,0.1845
12752,Norway,2011-09-19,2011-09-19,81,1,4366.78,3,2,5,10,Hibernating,0,0.6055
12917,United Kingdom,2009-12-09,2011-08-03,128,6,4359.2,3,4,5,12,Loyalists,1,0.3016
14854,United Kingdom,2010-01-22,2011-09-22,78,11,4303.06,3,5,5,13,Loyalists,0,0.177
14307,United Kingdom,2009-12-07,2011-09-12,88,10,4287.92,3,5,5,13,Loyalists,0,0.1807
16875,United Kingdom,2010-01-05,2011-10-03,67,11,4234.53,3,5,5,13,Loyalists,0,0.177
15518,United Kingdom,2009-12-20,2011-10-06,64,15,4189.99,3,5,5,13,Loyalists,0,0.1627
12422,Switzerland,2009-12-18,2011-09-05,95,15,4173.35,3,5,5,13,Loyalists,1,0.1627
18194,United Kingdom,2010-01-28,2011-09-18,82,6,4162.04,3,4,5,12,Loyalists,0,0.3018
12653,Israel,2010-07-01,2011-07-14,148,3,4160.83,3,3,5,11,Loyalists,1,0.4522
16209,United Kingdom,2010-06-11,2011-09-12,88,9,4146.78,3,5,5,13,Loyalists,0,0.1846
15002,United Kingdom,2010-01-12,2011-08-16,115,9,4138.08,3,5,5,13,Loyalists,1,0.1846
16477,United Kingdom,2010-08-12,2011-10-07,63,11,4094.37,3,5,5,13,Loyalists,0,0.1771
14566,Channel Islands,2010-06-24,2011-08-21,110,4,4092.0,3,3,5,11,Loyalists,1,0.446
17083,United Kingdom,2010-02-09,2011-08-22,109,9,4049.79,3,5,5,13,Loyalists,1,0.1847
12840,United Kingdom,2010-02-03,2011-07-19,143,7,4041.97,3,4,5,12,Loyalists,1,0.2966
16098,United Kingdom,2009-12-15,2011-09-13,87,14,4010.7,3,5,5,13,Loyalists,0,0.1663
16455,United Kingdom,2010-03-30,2011-10-07,63,11,3995.57,3,5,5,13,Loyalists,0,0.1772
15665,United Kingdom,2010-03-14,2011-06-24,168,5,3987.07,3,4,5,12,Loyalists,1,0.3074
17667,United Kingdom,2010-02-23,2011-10-04,66,9,3950.7,3,5,5,13,Loyalists,0,0.1848
13037,United Kingdom,2009-12-03,2011-07-24,138,12,3914.95,3,5,5,13,Loyalists,1,0.1735
12853,United Kingdom,2010-02-05,2011-07-28,134,11,3907.5,3,5,5,13,Loyalists,1,0.1772
15067,United Kingdom,2010-04-11,2011-09-22,78,5,3862.88,3,4,5,12,Loyalists,0,0.3075
18073,United Kingdom,2011-05-26,2011-08-17,114,12,3859.82,3,5,5,13,Loyalists,1,0.1736
14565,United Kingdom,2010-08-23,2011-09-05,95,5,3859.22,3,4,5,12,Loyalists,1,0.3075
16928,United Kingdom,2010-02-03,2011-09-20,80,28,3828.08,3,5,5,13,Loyalists,0,0.1226
12510,Spain,2009-12-04,2011-07-20,142,7,3767.03,3,4,5,12,Loyalists,1,0.2969
15834,United Kingdom,2010-10-11,2011-09-30,70,7,3761.89,3,4,5,12,Loyalists,0,0.2969
17553,United Kingdom,2010-04-08,2011-08-02,129,4,3757.6,3,3,5,11,Loyalists,1,0.4464
15704,United Kingdom,2010-05-05,2011-07-22,140,6,3734.66,3,4,5,12,Loyalists,1,0.3022
12502,Spain,2011-02-03,2011-09-05,95,5,3723.87,3,4,5,12,Loyalists,1,0.3077
14364,United Kingdom,2011-05-12,2011-08-23,108,8,3717.35,3,4,5,12,Loyalists,1,0.2916
15255,United Kingdom,2009-12-03,2011-10-04,66,9,3706.02,3,5,5,13,Loyalists,0,0.1849
16503,United Kingdom,2010-06-21,2011-08-25,106,11,3614.34,3,5,5,13,Loyalists,1,0.1774
18242,United Kingdom,2010-01-11,2011-09-28,72,8,3605.21,3,4,5,12,Loyalists,0,0.2917
15827,United Kingdom,2010-01-08,2011-09-27,73,28,3603.14,3,5,5,13,Loyalists,0,0.1227
15480,Malta,2010-02-01,2011-08-15,116,3,3592.25,3,3,5,11,Loyalists,1,0.4528
15569,United Kingdom,2010-02-28,2011-08-28,103,10,3583.45,3,5,5,13,Loyalists,1,0.1812
17311,United Kingdom,2010-02-03,2011-09-22,78,6,3566.56,3,4,5,12,Loyalists,0,0.3024
17848,United Kingdom,2009-12-06,2011-09-19,81,30,3538.46,3,5,5,13,Loyalists,0,0.1173
17722,United Kingdom,2010-11-29,2011-09-04,96,5,3520.22,3,4,5,12,Loyalists,1,0.3079
16395,United Kingdom,2009-12-06,2011-10-10,60,14,3517.56,3,5,5,13,Loyalists,0,0.1666
14934,Channel Islands,2010-09-24,2011-09-19,81,5,3503.5,3,4,5,12,Loyalists,0,0.3079
13929,United Kingdom,2010-01-14,2011-06-23,169,11,3494.1,3,5,5,13,Loyalists,1,0.1775
15306,United Kingdom,2010-02-18,2011-10-06,64,9,3484.73,3,5,5,13,Loyalists,0,0.1851
14837,United Kingdom,2010-01-24,2011-09-11,89,9,3460.32,3,5,5,13,Loyalists,0,0.1851
12609,Germany,2009-12-20,2011-09-22,78,9,3435.86,3,5,5,13,Loyalists,0,0.1851
18168,United Kingdom,2009-12-03,2011-06-16,176,16,3435.5,3,5,5,13,Loyalists,1,0.1597
16045,United Kingdom,2010-07-29,2011-08-12,119,8,3434.93,3,4,5,12,Loyalists,1,0.2919
14409,United Kingdom,2010-05-21,2011-09-29,71,9,3427.29,3,5,5,13,Loyalists,0,0.1851
16281,United Kingdom,2010-01-26,2011-09-28,72,3,3424.02,3,3,5,11,Loyalists,0,0.453
17931,United Kingdom,2010-02-16,2011-07-28,134,14,3402.24,3,5,5,13,Loyalists,1,0.1667
13425,United Kingdom,2010-05-09,2011-08-23,108,5,3390.43,3,4,5,12,Loyalists,1,0.308
17723,United Kingdom,2010-11-29,2011-08-04,127,7,3378.4,3,4,5,12,Loyalists,1,0.2972
13979,United Kingdom,2009-12-03,2011-09-27,73,7,3373.63,3,4,5,12,Loyalists,0,0.2972
15265,United Kingdom,2009-12-01,2011-07-11,151,4,3345.64,3,3,5,11,Loyalists,1,0.4468
12424,Australia,2010-06-09,2011-06-30,162,4,3340.03,3,3,5,11,Loyalists,1,0.4468
13431,United Kingdom,2010-02-18,2011-10-03,67,8,3316.24,3,4,5,12,Loyalists,0,0.292
13611,United Kingdom,2009-12-03,2011-09-11,89,10,3297.93,3,5,5,13,Loyalists,0,0.1814
15978,United Kingdom,2010-03-05,2011-09-23,77,3,3279.42,3,3,5,11,Loyalists,0,0.4532
17774,United Kingdom,2010-02-08,2011-09-04,96,9,3272.83,3,5,5,13,Loyalists,1,0.1852
13291,United Kingdom,2010-02-11,2011-07-07,155,11,3270.79,3,5,5,13,Loyalists,1,0.1777
14451,United Kingdom,2010-01-17,2011-10-10,60,12,3258.68,3,5,5,13,Loyalists,0,0.174
17353,United Kingdom,2010-03-25,2011-08-02,129,4,3242.0,3,3,5,11,Loyalists,1,0.4469
15625,United Kingdom,2010-06-15,2011-08-28,103,9,3236.4,3,5,5,13,Loyalists,1,0.1853
16101,United Kingdom,2010-05-27,2011-09-30,70,4,3229.16,3,3,5,11,Loyalists,0,0.447
13397,United Kingdom,2010-01-20,2011-09-28,72,10,3191.87,3,5,5,13,Loyalists,0,0.1815
17640,United Kingdom,2010-03-23,2011-09-14,86,6,3168.94,3,4,5,12,Loyalists,0,0.3028
16584,United Kingdom,2010-02-16,2011-09-20,80,5,3156.17,3,4,5,12,Loyalists,0,0.3082
15095,United Kingdom,2010-01-21,2011-08-28,103,10,3141.64,3,5,5,13,Loyalists,1,0.1815
14978,United Kingdom,2010-04-28,2011-09-28,72,10,3112.19,3,5,5,13,Loyalists,0,0.1815
15491,United Kingdom,2011-04-18,2011-09-05,95,6,3100.09,3,4,5,12,Loyalists,1,0.3029
13631,United Kingdom,2011-03-17,2011-09-01,99,11,3070.42,3,5,5,13,Loyalists,1,0.1778
14038,United Kingdom,2010-02-04,2011-09-22,78,5,3069.88,3,4,5,12,Loyalists,0,0.3083
16400,United Kingdom,2009-12-08,2011-09-06,94,9,3059.85,3,5,5,13,Loyalists,1,0.1854
16059,United Kingdom,2010-05-19,2011-10-05,65,12,3053.57,3,5,5,13,Loyalists,0,0.1741
15241,United Kingdom,2010-02-23,2011-10-04,66,11,3050.16,3,5,5,13,Loyalists,0,0.1778
14916,United Kingdom,2010-04-01,2011-09-30,70,8,3042.95,3,4,5,12,Loyalists,0,0.2923
13848,United Kingdom,2009-12-09,2011-09-08,92,8,3015.0,3,4,5,12,Loyalists,1,0.2923
13635,United Kingdom,2009-12-01,2011-10-03,67,4,2999.16,3,3,5,11,Loyalists,0,0.4472
15810,United Kingdom,2010-02-04,2011-09-22,78,8,2999.04,3,4,5,12,Loyalists,0,0.2923
15182,United Kingdom,2010-02-21,2011-07-08,154,11,2998.95,3,5,5,13,Loyalists,1,0.1778
12457,Switzerland,2010-09-30,2011-10-04,66,8,2995.91,3,4,5,12,Loyalists,0,0.2923
14344,United Kingdom,2010-03-23,2011-08-04,127,20,2993.05,3,5,5,13,Loyalists,1,0.1467
12854,United Kingdom,2009-12-11,2011-09-22,78,7,2970.97,3,4,5,12,Loyalists,0,0.2976
17692,United Kingdom,2010-06-17,2011-08-04,127,12,2960.44,3,5,5,13,Loyalists,1,0.1742
13253,United Kingdom,2010-01-05,2011-07-06,156,4,2951.11,3,3,5,11,Loyalists,1,0.4473
15757,United Kingdom,2010-06-10,2011-10-05,65,6,2940.36,3,4,5,12,Loyalists,0,0.303
17444,Canada,2011-06-20,2011-07-15,147,3,2940.04,3,3,5,11,Loyalists,1,0.4536
17588,United Kingdom,2010-03-12,2011-08-31,100,7,2939.55,3,4,5,12,Loyalists,1,0.2977
12635,Germany,2010-09-09,2011-09-11,89,4,2930.41,3,3,5,11,Loyalists,0,0.4473
15312,United Kingdom,2009-12-16,2011-09-25,75,12,2930.19,3,5,5,13,Loyalists,0,0.1742
13764,United Kingdom,2010-03-07,2011-09-30,70,6,2908.67,3,4,5,12,Loyalists,0,0.303
17242,United Kingdom,2010-01-24,2011-08-23,108,5,2889.28,3,4,4,11,Loyalists,1,0.3367
16383,United Kingdom,2010-02-04,2011-09-26,74,7,2887.99,3,4,4,11,Loyalists,0,0.3254
16229,United Kingdom,2010-05-24,2011-09-13,87,6,2867.86,3,4,4,11,Loyalists,0,0.331
14758,United Kingdom,2010-04-08,2011-07-18,144,7,2864.97,3,4,4,11,Loyalists,1,0.3254
16755,United Kingdom,2009-12-09,2011-08-17,114,7,2864.68,3,4,4,11,Loyalists,1,0.3254
14875,United Kingdom,2010-09-24,2011-08-24,107,3,2862.4,3,3,4,10,Loyalists,1,0.4858
15797,United Kingdom,2010-01-27,2011-08-18,113,5,2806.08,3,4,4,11,Loyalists,1,0.3367
13799,United Kingdom,2010-03-05,2011-08-15,116,9,2803.57,3,5,4,12,Loyalists,1,0.2058
13330,United Kingdom,2010-02-23,2011-09-08,92,6,2796.1,3,4,4,11,Loyalists,1,0.3311
17552,United Kingdom,2010-03-22,2011-10-10,60,12,2786.77,3,5,4,12,Loyalists,0,0.1936
16104,United Kingdom,2009-12-06,2011-10-09,61,9,2774.46,3,5,4,12,Loyalists,0,0.2059
14665,United Kingdom,2010-04-26,2011-10-10,60,7,2749.65,3,4,4,11,Loyalists,0,0.3255
15841,United Kingdom,2009-12-10,2011-09-28,72,9,2742.41,3,5,4,12,Loyalists,0,0.2059
15389,United Kingdom,2010-01-27,2011-06-20,172,5,2733.8,3,4,4,11,Loyalists,1,0.3368
15596,United Kingdom,2010-07-28,2011-08-31,100,9,2727.72,3,5,4,12,Loyalists,1,0.2059
15985,United Kingdom,2010-05-27,2011-08-08,123,7,2715.28,3,4,4,11,Loyalists,1,0.3255
18173,United Kingdom,2010-04-06,2011-09-14,86,5,2696.36,3,4,4,11,Loyalists,0,0.3368
17388,United Kingdom,2009-12-10,2011-09-23,77,11,2675.37,3,5,4,12,Loyalists,0,0.1977
13473,United Kingdom,2009-12-15,2011-10-10,60,8,2657.76,3,4,4,11,Loyalists,0,0.32
12516,Germany,2010-04-19,2011-09-23,77,4,2648.62,3,3,4,10,Loyalists,0,0.4797
12520,Germany,2011-03-11,2011-09-21,79,5,2634.26,3,4,4,11,Loyalists,0,0.3369
14410,United Kingdom,2010-09-28,2011-09-08,92,11,2630.9,3,5,4,12,Loyalists,1,0.1978
16276,United Kingdom,2010-04-11,2011-06-16,176,3,2629.39,3,3,4,10,Loyalists,1,0.4861
13422,United Kingdom,2011-10-06,2011-10-06,64,1,2626.3,3,1,4,8,Hibernating,0,0.7569
12412,Denmark,2010-06-18,2011-09-26,74,6,2596.93,3,4,4,11,Loyalists,0,0.3313
14163,United Kingdom,2010-09-03,2011-09-13,87,5,2594.62,3,4,4,11,Loyalists,0,0.337
14147,United Kingdom,2010-03-09,2011-09-22,78,9,2590.2,3,5,4,12,Loyalists,0,0.206
15062,United Kingdom,2010-04-08,2011-09-29,71,8,2585.62,3,4,4,11,Loyalists,0,0.3201
17002,United Kingdom,2010-03-08,2011-09-15,85,7,2571.55,3,4,4,11,Loyalists,0,0.3257
17284,United Kingdom,2010-11-15,2011-10-10,60,7,2558.6,3,4,4,11,Loyalists,0,0.3257
13192,United Kingdom,2010-01-22,2011-09-05,95,6,2558.58,3,4,4,11,Loyalists,1,0.3313
16036,United Kingdom,2010-03-29,2011-09-13,87,4,2556.84,3,3,4,10,Loyalists,0,0.4798
14745,United Kingdom,2010-03-12,2011-08-19,112,12,2551.41,3,5,4,12,Loyalists,1,0.1938
14548,United Kingdom,2009-12-06,2011-07-12,150,9,2541.29,3,5,4,12,Loyalists,1,0.206
13344,United Kingdom,2011-03-07,2011-10-03,67,3,2511.69,3,3,4,10,Loyalists,0,0.4862
17594,United Kingdom,2010-04-14,2011-09-15,85,4,2497.88,3,3,4,10,Loyalists,0,0.4798
13414,United Kingdom,2010-04-15,2011-07-29,133,6,2494.14,3,4,4,11,Loyalists,1,0.3314
15716,United Kingdom,2009-12-07,2011-07-17,145,11,2482.74,3,5,4,12,Loyalists,1,0.1979
13134,United Kingdom,2010-10-19,2011-09-15,85,6,2475.23,3,4,4,11,Loyalists,0,0.3314
12739,United Arab Emirates,2010-11-10,2011-09-22,78,4,2473.73,3,3,4,10,Loyalists,0,0.4799
12924,United Kingdom,2009-12-09,2011-09-12,88,12,2461.45,3,5,4,12,Loyalists,0,0.1939
12701,Germany,2010-03-16,2011-09-21,79,6,2446.41,3,4,4,11,Loyalists,0,0.3314
13338,United Kingdom,2010-01-05,2011-07-05,157,4,2445.62,3,3,4,10,Loyalists,1,0.4799
17320,United Kingdom,2010-01-21,2011-08-31,100,6,2444.85,3,4,4,11,Loyalists,1,0.3314
15623,United Kingdom,2009-12-10,2011-07-21,141,8,2437.05,3,4,4,11,Loyalists,1,0.3202
17505,United Kingdom,2010-04-13,2011-07-01,161,5,2435.48,3,4,4,11,Loyalists,1,0.3371
13085,United Kingdom,2009-12-01,2011-07-05,157,8,2433.28,3,4,4,11,Loyalists,1,0.3202
16040,United Kingdom,2010-04-09,2011-10-05,65,7,2416.9,3,4,4,11,Loyalists,0,0.3258
15341,United Kingdom,2010-09-16,2011-09-20,80,2,2402.72,3,2,4,9,Hibernating,0,0.6321
12393,Australia,2010-10-07,2011-09-28,72,6,2399.45,3,4,4,11,Loyalists,0,0.3315
14414,United Kingdom,2010-11-30,2011-09-09,91,8,2399.33,3,4,4,11,Loyalists,1,0.3203
16147,United Kingdom,2010-02-05,2011-07-29,133,5,2398.91,3,4,4,11,Loyalists,1,0.3372
17921,United Kingdom,2010-07-15,2011-10-06,64,10,2394.36,3,5,4,12,Loyalists,0,0.202
15366,United Kingdom,2010-02-26,2011-09-25,75,7,2389.08,3,4,4,11,Loyalists,0,0.3259
13908,United Kingdom,2011-03-08,2011-09-21,79,4,2369.55,3,3,4,10,Loyalists,0,0.48
17969,United Kingdom,2009-12-06,2011-06-26,166,20,2354.29,3,5,4,12,Loyalists,1,0.164
16083,United Kingdom,2010-11-16,2011-08-31,100,4,2351.42,3,3,4,10,Loyalists,1,0.48
17591,United Kingdom,2010-01-17,2011-09-27,73,8,2339.32,3,4,4,11,Loyalists,0,0.3203
15549,United Kingdom,2010-01-11,2011-09-23,77,8,2330.41,3,4,4,11,Loyalists,0,0.3203
13055,United Kingdom,2010-10-06,2011-09-22,78,4,2321.11,3,3,4,10,Loyalists,0,0.48
14346,United Kingdom,2010-07-30,2011-08-11,120,5,2315.75,3,4,4,11,Loyalists,1,0.3372
17282,United Kingdom,2010-06-09,2011-08-01,130,5,2308.54,3,4,4,11,Loyalists,1,0.3372
17894,United Kingdom,2010-08-27,2011-09-29,71,18,2304.16,3,5,4,12,Loyalists,0,0.1712
12649,Germany,2010-01-12,2011-08-24,107,8,2294.65,3,4,4,11,Loyalists,1,0.3204
13280,United Kingdom,2010-03-05,2011-08-09,122,7,2293.33,3,4,4,11,Loyalists,1,0.326
17047,United Kingdom,2009-12-08,2011-09-15,85,6,2289.23,3,4,4,11,Loyalists,0,0.3316
16485,United Kingdom,2009-12-06,2011-09-23,77,5,2287.19,3,4,4,11,Loyalists,0,0.3373
14481,United Kingdom,2010-01-31,2011-06-28,164,5,2284.69,3,4,4,11,Loyalists,1,0.3373
13655,United Kingdom,2010-04-27,2011-08-17,114,6,2280.51,3,4,4,11,Loyalists,1,0.3316
17994,United Kingdom,2010-03-29,2011-08-10,121,11,2264.03,3,5,4,12,Loyalists,1,0.198
15734,United Kingdom,2010-06-10,2011-08-17,114,4,2263.3,3,3,4,10,Loyalists,1,0.4801
13814,Germany,2010-06-30,2011-09-08,92,3,2257.32,3,3,4,10,Loyalists,1,0.4865
14644,United Kingdom,2009-12-03,2011-10-03,67,7,2247.72,3,4,4,11,Loyalists,0,0.326
16174,United Kingdom,2010-04-15,2011-08-05,126,7,2246.75,3,4,4,11,Loyalists,1,0.326
14462,United Kingdom,2010-10-03,2011-10-04,66,12,2237.81,3,5,4,12,Loyalists,0,0.194
16551,United Kingdom,2009-12-13,2011-09-05,95,7,2237.12,3,4,4,11,Loyalists,1,0.326
16108,United Kingdom,2010-03-18,2011-09-16,84,4,2235.92,3,3,4,10,Loyalists,0,0.4801
13662,United Kingdom,2010-02-19,2011-09-15,85,11,2233.61,3,5,4,12,Loyalists,0,0.1981
18215,United Kingdom,2010-03-26,2011-09-11,89,5,2232.49,3,4,4,11,Loyalists,0,0.3373
17648,United Kingdom,2010-11-19,2011-10-10,60,5,2216.37,3,4,4,11,Loyalists,0,0.3373
13320,United Kingdom,2010-08-18,2011-09-22,78,6,2211.6,3,4,4,11,Loyalists,0,0.3317
14177,United Kingdom,2010-02-26,2011-09-14,86,13,2209.69,3,5,4,12,Loyalists,0,0.1901
14006,United Kingdom,2010-02-25,2011-08-16,115,7,2196.67,3,4,4,11,Loyalists,1,0.3261
16317,United Kingdom,2010-05-04,2011-08-12,119,5,2192.51,3,4,4,11,Loyalists,1,0.3374
14212,United Kingdom,2010-09-20,2011-09-11,89,2,2190.14,3,2,4,9,Hibernating,0,0.6323
17905,United Kingdom,2010-01-28,2011-09-29,71,13,2168.37,3,5,4,12,Loyalists,0,0.1901
14573,United Kingdom,2010-01-08,2011-06-13,179,13,2163.12,3,5,4,12,Loyalists,1,0.1901
17460,United Kingdom,2010-01-22,2011-09-06,94,16,2157.97,3,5,4,12,Loyalists,1,0.1786
14407,United Kingdom,2011-03-08,2011-08-24,107,6,2157.73,3,4,4,11,Loyalists,1,0.3317
13224,United Kingdom,2011-07-11,2011-10-10,60,2,2152.95,3,2,4,9,Hibernating,0,0.6323
13092,United Kingdom,2010-02-10,2011-09-30,70,12,2140.28,3,5,4,12,Loyalists,0,0.1941
17029,United Kingdom,2010-02-14,2011-08-21,110,7,2137.3,3,4,4,11,Loyalists,1,0.3261
16493,United Kingdom,2010-03-26,2011-09-21,79,7,2132.09,3,4,4,11,Loyalists,0,0.3261
18116,United Kingdom,2010-10-24,2011-10-03,67,13,2130.89,3,5,4,12,Loyalists,0,0.1901
16807,United Kingdom,2010-03-26,2011-07-20,142,6,2123.88,3,4,4,11,Loyalists,1,0.3318
14472,United Kingdom,2010-01-19,2011-08-28,103,9,2118.72,3,5,4,12,Loyalists,1,0.2064
16054,United Kingdom,2010-04-01,2011-07-17,145,4,2111.88,3,3,4,10,Loyalists,1,0.4803
14276,United Kingdom,2010-02-17,2011-09-02,98,7,2102.68,3,4,4,11,Loyalists,1,0.3262
15815,United Kingdom,2011-03-25,2011-10-07,63,5,2100.6,3,4,4,11,Loyalists,0,0.3375
17742,United Kingdom,2009-12-01,2011-08-18,113,11,2098.48,3,5,4,12,Loyalists,1,0.1981
13591,United Kingdom,2009-12-14,2011-10-06,64,7,2093.94,3,4,4,11,Loyalists,0,0.3262
17048,United Kingdom,2010-01-18,2011-08-14,117,7,2071.68,3,4,4,11,Loyalists,1,0.3262
17585,United Kingdom,2010-08-18,2011-08-22,109,7,2064.71,3,4,4,11,Loyalists,1,0.3262
13748,United Kingdom,2009-12-01,2011-09-05,95,9,2064.35,3,5,4,12,Loyalists,1,0.2064
13476,United Kingdom,2010-03-05,2011-06-14,178,5,2061.47,3,4,4,11,Loyalists,1,0.3375
17897,United Kingdom,2010-05-12,2011-06-20,172,9,2053.04,3,5,4,12,Loyalists,1,0.2064
16027,United Kingdom,2010-01-08,2011-09-09,91,15,2048.36,3,5,4,12,Loyalists,1,0.1825
13663,United Kingdom,2010-03-03,2011-06-13,179,5,2047.51,3,4,4,11,Loyalists,1,0.3375
16214,United Kingdom,2010-09-30,2011-06-22,170,4,2038.25,3,3,4,10,Loyalists,1,0.4804
15164,United Kingdom,2010-01-18,2011-10-02,68,9,2028.11,3,5,4,12,Loyalists,0,0.2064
15384,United Kingdom,2010-04-26,2011-06-23,169,4,2027.79,3,3,4,10,Loyalists,1,0.4804
13989,United Kingdom,2010-05-25,2011-10-05,65,5,2026.06,3,4,4,11,Loyalists,0,0.3375
14651,United Kingdom,2010-03-18,2011-10-03,67,9,2025.52,3,5,4,12,Loyalists,0,0.2064
12418,Switzerland,2010-03-19,2011-08-19,112,4,2021.2,3,3,4,10,Loyalists,1,0.4804
12348,Finland,2010-09-27,2011-09-25,75,5,2019.4,3,4,4,11,Loyalists,0,0.3375
17126,United Kingdom,2010-08-31,2011-07-10,152,9,2008.93,3,5,4,12,Loyalists,1,0.2064
13888,United Kingdom,2010-05-13,2011-08-12,119,7,2001.59,3,4,4,11,Loyalists,1,0.3263
14628,United Kingdom,2010-01-25,2011-09-09,91,5,1998.0,3,4,4,11,Loyalists,1,0.3376
14152,United Kingdom,2010-02-18,2011-09-25,75,7,1997.34,3,4,4,11,Loyalists,0,0.3263
14301,United Kingdom,2010-02-11,2011-08-14,117,4,1992.18,3,3,4,10,Loyalists,1,0.4804
13889,United Kingdom,2010-01-22,2011-09-08,92,6,1991.23,3,4,4,11,Loyalists,1,0.3319
15030,United Kingdom,2010-03-04,2011-09-29,71,8,1979.91,3,4,4,11,Loyalists,0,0.3207
15795,United Kingdom,2010-01-18,2011-07-13,149,8,1979.87,3,4,4,11,Loyalists,1,0.3207
17337,United Kingdom,2011-02-02,2011-07-11,151,4,1979.61,3,3,4,10,Loyalists,1,0.4804
18204,United Kingdom,2011-05-31,2011-09-29,71,3,1975.35,3,3,4,10,Loyalists,0,0.4868
14905,United Kingdom,2009-12-03,2011-07-05,157,8,1971.39,3,4,4,11,Loyalists,1,0.3207
14396,United Kingdom,2009-12-02,2011-10-05,65,7,1969.38,3,4,4,11,Loyalists,0,0.3263
17997,United Kingdom,2011-06-28,2011-09-26,74,8,1962.46,3,4,4,11,Loyalists,0,0.3207
12399,Belgium,2010-03-05,2011-08-12,119,7,1962.3,3,4,4,11,Loyalists,1,0.3263
14014,United Kingdom,2010-05-12,2011-09-23,77,3,1948.21,3,3,4,10,Loyalists,0,0.4868
15885,United Kingdom,2010-01-21,2011-09-08,92,14,1936.82,3,5,4,12,Loyalists,1,0.1864
16859,United Kingdom,2010-03-04,2011-07-18,144,7,1932.41,3,4,4,11,Loyalists,1,0.3263
16788,United Kingdom,2010-02-07,2011-08-08,123,5,1927.28,3,4,4,11,Loyalists,1,0.3376
16681,United Kingdom,2010-03-08,2011-09-28,72,7,1921.84,3,4,4,11,Loyalists,0,0.3263
12644,Germany,2010-01-14,2011-08-02,129,4,1918.49,3,3,4,10,Loyalists,1,0.4805
12842,United Kingdom,2009-12-02,2011-09-30,70,4,1917.99,3,3,4,10,Loyalists,0,0.4805
16650,United Kingdom,2010-07-08,2011-09-29,71,7,1916.11,3,4,4,11,Loyalists,0,0.3263
17046,United Kingdom,2010-03-29,2011-07-05,157,5,1906.07,3,4,4,11,Loyalists,1,0.3377
14127,United Kingdom,2010-10-10,2011-08-09,122,6,1900.08,3,4,4,11,Loyalists,1,0.332
14389,United Kingdom,2010-04-28,2011-10-05,65,5,1898.01,3,4,4,11,Loyalists,0,0.3377
17560,United Kingdom,2010-02-17,2011-09-06,94,8,1895.8,3,4,4,11,Loyalists,1,0.3208
14327,United Kingdom,2010-01-08,2011-06-29,163,6,1894.93,3,4,4,11,Loyalists,1,0.332
13276,United Kingdom,2010-03-07,2011-10-07,63,5,1891.91,3,4,4,11,Loyalists,0,0.3377
16172,United Kingdom,2010-07-14,2011-09-05,95,8,1884.55,3,4,4,11,Loyalists,1,0.3208
14403,United Kingdom,2010-03-10,2011-08-01,130,6,1880.51,3,4,4,11,Loyalists,1,0.332
18151,United Kingdom,2010-03-04,2011-07-28,134,6,1879.44,3,4,4,11,Loyalists,1,0.332
13946,United Kingdom,2009-12-04,2011-09-21,79,6,1876.23,3,4,4,11,Loyalists,0,0.332
12592,Germany,2010-07-08,2011-09-08,92,4,1867.64,3,3,4,10,Loyalists,1,0.4806
14887,United Kingdom,2011-09-21,2011-09-21,79,1,1862.0,3,1,4,8,Hibernating,0,0.7576
14305,United Kingdom,2011-07-27,2011-09-29,71,3,1858.96,3,3,4,10,Loyalists,0,0.4869
12507,Spain,2010-05-04,2011-07-28,134,4,1844.06,3,3,4,10,Loyalists,1,0.4806
12694,France,2010-10-14,2011-09-30,70,3,1843.35,3,3,4,10,Loyalists,0,0.487
15201,United Kingdom,2010-04-07,2011-09-13,87,7,1842.95,3,4,4,11,Loyalists,0,0.3264
14224,United Kingdom,2010-06-13,2011-08-21,110,9,1841.71,3,5,4,12,Loyalists,1,0.2066
17919,United Kingdom,2010-09-27,2011-09-12,88,2,1840.32,3,2,4,9,Hibernating,0,0.6327
16175,United Kingdom,2010-05-25,2011-09-06,94,7,1836.44,3,4,4,11,Loyalists,1,0.3264
15402,United Kingdom,2010-04-27,2011-07-14,148,6,1830.12,3,4,4,11,Loyalists,1,0.3321
17642,United Kingdom,2009-12-05,2011-08-12,119,5,1824.49,3,4,4,11,Loyalists,1,0.3377
15339,United Kingdom,2010-02-08,2011-10-04,66,7,1821.02,3,4,4,11,Loyalists,0,0.3264
16233,United Kingdom,2009-12-02,2011-09-29,71,9,1818.31,3,5,4,12,Loyalists,0,0.2066
17787,United Kingdom,2010-12-03,2011-07-10,152,4,1817.54,3,3,4,10,Loyalists,1,0.4806
14915,United Kingdom,2009-12-03,2011-09-09,91,11,1811.25,3,5,4,12,Loyalists,1,0.1984
15133,United Kingdom,2010-07-07,2011-08-04,127,5,1806.9,3,4,4,11,Loyalists,1,0.3378
18235,United Kingdom,2011-05-06,2011-09-29,71,3,1796.48,3,3,4,10,Loyalists,0,0.487
13375,United Kingdom,2010-09-21,2011-09-12,88,2,1792.23,3,2,4,9,Hibernating,0,0.6327
17603,United Kingdom,2009-12-10,2011-09-22,78,4,1788.38,3,3,4,10,Loyalists,0,0.4807
15128,United Kingdom,2010-10-05,2011-10-10,60,5,1783.68,3,4,4,11,Loyalists,0,0.3378
13503,United Kingdom,2010-02-16,2011-09-29,71,5,1778.04,3,4,4,11,Loyalists,0,0.3378
12458,Switzerland,2010-08-09,2011-09-29,71,4,1777.49,3,3,4,10,Loyalists,0,0.4807
12908,United Kingdom,2010-03-19,2011-06-16,176,5,1776.0,3,4,4,11,Loyalists,1,0.3378
16266,United Kingdom,2010-02-04,2011-09-27,73,14,1757.95,3,5,4,12,Loyalists,0,0.1865
16595,United Kingdom,2010-01-17,2011-10-09,61,5,1757.75,3,4,4,11,Loyalists,0,0.3378
12809,Portugal,2010-03-02,2011-06-15,177,3,1755.94,3,3,4,10,Loyalists,1,0.4871
17695,United Kingdom,2010-01-28,2011-07-31,131,5,1746.04,3,4,4,11,Loyalists,1,0.3378
16380,United Kingdom,2011-10-09,2011-10-09,61,1,1743.15,3,1,4,8,Hibernating,0,0.7577
12425,Portugal,2010-09-17,2011-09-22,78,2,1741.41,3,2,4,9,Hibernating,0,0.6328
14584,United Kingdom,2010-02-17,2011-06-23,169,8,1738.16,3,4,4,11,Loyalists,1,0.3209
17268,United Kingdom,2009-12-08,2011-08-24,107,11,1733.89,3,5,4,12,Loyalists,1,0.1984
14400,United Kingdom,2010-03-18,2011-07-13,149,3,1732.47,3,3,4,10,Loyalists,1,0.4871
15730,United Kingdom,2010-10-04,2011-10-05,65,5,1726.58,3,4,4,11,Loyalists,0,0.3378
14021,United Kingdom,2010-04-26,2011-07-07,155,7,1716.58,3,4,4,11,Loyalists,1,0.3265
14692,United Kingdom,2010-04-01,2011-07-25,137,12,1715.14,3,5,4,12,Loyalists,1,0.1944
12405,Finland,2011-07-14,2011-07-14,148,1,1710.39,3,2,4,9,Hibernating,1,0.6387
16374,United Kingdom,2010-04-30,2011-10-04,66,5,1709.55,3,4,4,11,Loyalists,0,0.3379
17731,United Kingdom,2010-02-09,2011-09-21,79,6,1708.99,3,4,4,11,Loyalists,0,0.3322
15947,United Kingdom,2011-09-18,2011-09-18,82,1,1708.24,3,2,4,9,Hibernating,0,0.6387
16902,United Kingdom,2011-08-15,2011-08-15,116,1,1706.88,3,2,4,9,Hibernating,1,0.6387
16398,United Kingdom,2011-03-31,2011-07-08,154,2,1705.8,3,2,4,9,Hibernating,1,0.6328
12693,Germany,2010-07-05,2011-08-04,127,7,1703.02,3,4,4,11,Loyalists,1,0.3266
17694,United Kingdom,2010-05-26,2011-07-21,141,3,1695.97,3,3,4,10,Loyalists,1,0.4871
15976,United Kingdom,2010-06-06,2011-06-27,165,6,1680.31,3,4,4,11,Loyalists,1,0.3322
14643,United Kingdom,2009-12-11,2011-06-22,170,5,1679.89,3,4,4,11,Loyalists,1,0.3379
17656,United Kingdom,2011-08-03,2011-09-27,73,5,1674.69,3,4,4,11,Loyalists,0,0.3379
13587,United Kingdom,2010-02-14,2011-10-07,63,4,1673.5,3,3,4,10,Loyalists,0,0.4808
13434,United Kingdom,2010-02-22,2011-09-26,74,5,1666.86,3,4,4,11,Loyalists,0,0.3379
15192,United Kingdom,2010-01-29,2011-08-12,119,5,1666.39,3,4,4,11,Loyalists,1,0.3379
14420,United Kingdom,2010-01-17,2011-09-01,99,4,1639.17,3,3,4,10,Loyalists,1,0.4808
18062,United Kingdom,2010-04-21,2011-06-19,173,6,1632.67,3,4,4,11,Loyalists,1,0.3323
14164,United Kingdom,2011-09-20,2011-09-30,70,2,1631.77,3,2,4,9,Hibernating,0,0.6329
18136,United Kingdom,2010-09-14,2011-10-07,63,5,1631.36,3,4,4,11,Loyalists,0,0.3379
12379,Belgium,2010-06-23,2011-09-19,81,4,1620.22,3,3,4,10,Loyalists,0,0.4809
13249,United Kingdom,2010-01-24,2011-09-08,92,9,1608.93,3,5,4,12,Loyalists,1,0.2067
12669,France,2011-03-28,2011-07-12,150,2,1607.73,3,2,4,9,Hibernating,1,0.6329
12947,United Kingdom,2010-12-01,2011-07-19,143,6,1603.99,3,4,4,11,Loyalists,1,0.3323
15325,United Kingdom,2010-02-16,2011-08-28,103,8,1601.46,3,4,4,11,Loyalists,1,0.3211
14885,United Kingdom,2010-08-31,2011-07-31,131,3,1598.12,3,3,4,10,Loyalists,1,0.4872
13850,United Kingdom,2011-08-02,2011-08-02,129,1,1595.48,3,2,4,9,Hibernating,1,0.6388
16801,United Kingdom,2011-03-11,2011-06-29,163,4,1594.23,3,3,4,10,Loyalists,1,0.4809
16092,United Kingdom,2010-05-09,2011-08-17,114,6,1587.94,3,4,4,11,Loyalists,1,0.3323
13752,United Kingdom,2010-06-30,2011-08-07,124,7,1579.83,3,4,4,11,Loyalists,1,0.3267
12607,USA,2011-10-10,2011-10-10,60,1,1579.51,3,1,4,8,Hibernating,0,0.7578
17649,United Kingdom,2010-08-24,2011-07-24,138,3,1578.89,3,3,4,10,Loyalists,1,0.4873
13539,United Kingdom,2010-04-28,2011-09-15,85,7,1569.36,3,4,4,11,Loyalists,0,0.3267
16774,United Kingdom,2010-02-16,2011-10-03,67,8,1567.48,3,4,4,11,Loyalists,0,0.3211
17222,United Kingdom,2010-01-10,2011-10-05,65,6,1563.61,3,4,4,11,Loyalists,0,0.3323
15466,United Kingdom,2009-12-03,2011-09-15,85,4,1560.46,3,3,4,10,Loyalists,0,0.4809
14236,United Kingdom,2010-07-22,2011-09-20,80,5,1555.34,3,4,4,11,Loyalists,0,0.338
15074,United Kingdom,2010-08-29,2011-08-26,105,3,1553.13,3,3,4,10,Loyalists,1,0.4873
14078,United Kingdom,2010-03-28,2011-08-30,101,9,1551.82,3,5,4,12,Loyalists,1,0.2068
16461,United Kingdom,2010-03-03,2011-06-15,177,3,1539.83,3,3,4,10,Loyalists,1,0.4873
15149,United Kingdom,2010-02-28,2011-07-29,133,4,1524.61,3,3,4,10,Loyalists,1,0.481
14055,United Kingdom,2009-12-16,2011-08-25,106,3,1520.96,3,3,4,10,Loyalists,1,0.4873
14264,United Kingdom,2010-04-07,2011-07-08,154,6,1517.36,3,4,4,11,Loyalists,1,0.3324
14267,United Kingdom,2011-03-24,2011-06-30,162,3,1516.24,3,3,4,10,Loyalists,1,0.4873
13791,United Kingdom,2011-06-24,2011-08-04,127,2,1516.0,3,2,4,9,Hibernating,1,0.633
13158,United Kingdom,2010-11-16,2011-09-06,94,5,1508.18,3,4,4,11,Loyalists,1,0.3381
15261,United Kingdom,2010-10-01,2011-07-27,135,4,1508.0,3,3,4,10,Loyalists,1,0.481
17179,United Kingdom,2010-05-26,2011-06-14,178,6,1507.26,3,4,4,11,Loyalists,1,0.3324
16450,United Kingdom,2010-02-21,2011-07-13,149,3,1505.73,3,3,4,10,Loyalists,1,0.4873
16340,United Kingdom,2010-06-06,2011-08-24,107,3,1496.24,3,3,4,10,Loyalists,1,0.4874
14894,United Kingdom,2009-12-02,2011-09-15,85,3,1492.81,3,3,4,10,Loyalists,0,0.4874
18268,United Kingdom,2009-12-11,2011-07-28,134,6,1490.23,3,4,4,11,Loyalists,1,0.3324
14609,United Kingdom,2010-02-09,2011-09-28,72,10,1486.2,3,5,4,12,Loyalists,0,0.2027
16654,United Kingdom,2010-04-06,2011-07-21,141,8,1484.07,3,4,4,11,Loyalists,1,0.3212
14246,United Kingdom,2011-04-08,2011-08-21,110,3,1474.06,3,3,4,10,Loyalists,1,0.4874
16419,United Kingdom,2010-02-09,2011-08-19,112,8,1463.7,3,4,4,11,Loyalists,1,0.3212
16835,United Kingdom,2010-05-19,2011-08-03,128,6,1456.66,3,4,4,11,Loyalists,1,0.3324
15071,United Kingdom,2010-05-18,2011-09-07,93,4,1455.56,3,3,4,10,Loyalists,1,0.481
13240,United Kingdom,2010-02-25,2011-09-04,96,8,1455.39,3,4,4,11,Loyalists,1,0.3212
18196,United Kingdom,2010-03-17,2011-09-05,95,4,1455.27,3,3,4,10,Loyalists,1,0.481
17259,United Kingdom,2010-02-22,2011-07-14,148,6,1452.39,3,4,4,11,Loyalists,1,0.3324
13023,United Kingdom,2010-06-29,2011-10-06,64,3,1449.03,3,3,4,10,Loyalists,0,0.4874
15076,United Kingdom,2010-07-05,2011-06-20,172,3,1447.74,3,3,4,10,Loyalists,1,0.4874
13583,United Kingdom,2010-01-29,2011-07-07,155,2,1445.03,3,2,4,9,Hibernating,1,0.6331
15636,United Kingdom,2010-05-19,2011-09-11,89,4,1444.58,3,3,4,10,Loyalists,0,0.4811
18066,United Kingdom,2010-10-20,2011-09-25,75,3,1440.4,3,3,4,10,Loyalists,0,0.4874
16140,United Kingdom,2010-09-24,2011-10-05,65,3,1433.46,3,3,4,10,Loyalists,0,0.4874
17941,United Kingdom,2010-01-06,2011-08-01,130,4,1433.28,3,3,4,10,Loyalists,1,0.4811
15799,United Kingdom,2010-10-17,2011-09-25,75,4,1421.34,3,3,4,10,Loyalists,0,0.4811
16906,United Kingdom,2010-05-13,2011-09-19,81,7,1410.07,3,4,4,11,Loyalists,0,0.3269
13049,United Kingdom,2010-11-03,2011-10-06,64,4,1408.24,3,3,4,10,Loyalists,0,0.4811
15889,United Kingdom,2009-12-10,2011-07-06,156,8,1407.05,3,4,4,11,Loyalists,1,0.3213
15652,United Kingdom,2010-08-11,2011-09-09,91,5,1405.94,3,4,4,11,Loyalists,1,0.3382
18189,United Kingdom,2010-03-24,2011-09-23,77,3,1403.73,3,3,4,10,Loyalists,0,0.4875
14687,United Kingdom,2010-06-06,2011-08-25,106,3,1402.06,3,3,4,10,Loyalists,1,0.4875
13259,United Kingdom,2010-01-10,2011-10-09,61,9,1398.79,3,5,4,12,Loyalists,0,0.2069
15322,United Kingdom,2010-08-20,2011-09-15,85,2,1390.86,3,2,4,9,Hibernating,0,0.6331
15996,United Kingdom,2010-11-07,2011-09-12,88,7,1386.4,3,4,4,11,Loyalists,0,0.3269
13821,United Kingdom,2010-01-04,2011-07-18,144,6,1379.08,3,4,4,11,Loyalists,1,0.3325
12886,United Kingdom,2011-05-04,2011-10-03,67,2,1378.4,3,2,4,9,Hibernating,0,0.6332
14265,Unspecified,2010-04-06,2011-08-22,109,4,1373.35,3,3,4,10,Loyalists,1,0.4811
14538,United Kingdom,2010-01-25,2011-10-06,64,5,1370.84,3,4,4,11,Loyalists,0,0.3382
13035,United Kingdom,2010-10-04,2011-09-27,73,3,1364.2,3,3,4,10,Loyalists,0,0.4875
16384,United Kingdom,2010-04-28,2011-09-11,89,4,1358.95,3,3,4,10,Loyalists,0,0.4811
17429,United Kingdom,2010-10-06,2011-08-03,128,5,1357.46,3,4,4,11,Loyalists,1,0.3382
12875,United Kingdom,2010-01-11,2011-07-19,143,5,1356.99,3,4,4,11,Loyalists,1,0.3382
17025,United Kingdom,2010-03-08,2011-10-10,60,5,1349.67,3,4,4,11,Loyalists,0,0.3382
14847,United Kingdom,2010-05-24,2011-07-14,148,3,1348.95,3,3,4,10,Loyalists,1,0.4875
13639,United Kingdom,2010-09-29,2011-09-26,74,2,1346.27,3,2,4,9,Hibernating,0,0.6332
15154,United Kingdom,2010-08-18,2011-09-25,75,3,1343.72,3,3,4,10,Loyalists,0,0.4875
13220,United Kingdom,2010-05-13,2011-09-22,78,5,1336.09,3,4,4,11,Loyalists,0,0.3382
17033,United Kingdom,2010-11-07,2011-09-14,86,4,1332.79,3,3,4,10,Loyalists,0,0.4812
15146,United Kingdom,2011-02-21,2011-06-28,164,2,1327.16,3,2,4,9,Hibernating,1,0.6332
14973,United Kingdom,2011-04-28,2011-08-24,107,3,1314.45,3,3,4,10,Loyalists,1,0.4876
12987,United Kingdom,2010-01-20,2011-09-27,73,5,1312.21,3,4,4,11,Loyalists,0,0.3383
17027,United Kingdom,2009-12-10,2011-09-22,78,9,1310.63,3,5,4,12,Loyalists,0,0.207
12717,Greece,2010-04-28,2011-07-11,151,3,1308.91,3,3,4,10,Loyalists,1,0.4876
15400,United Kingdom,2010-05-28,2011-09-08,92,8,1302.3,3,4,4,11,Loyalists,1,0.3214
16370,United Kingdom,2011-04-28,2011-09-18,82,4,1301.91,3,3,4,10,Loyalists,0,0.4812
16574,United Kingdom,2010-02-19,2011-09-29,71,3,1301.78,3,3,4,10,Loyalists,0,0.4876
15108,European Community,2011-04-26,2011-07-21,141,4,1300.25,3,3,4,10,Loyalists,1,0.4812
12372,Denmark,2011-02-16,2011-09-29,71,3,1298.04,3,3,4,10,Loyalists,0,0.4876
16777,United Kingdom,2010-03-17,2011-09-20,80,5,1292.18,3,4,4,11,Loyalists,0,0.3383
15774,United Kingdom,2010-02-21,2011-10-02,68,6,1287.09,3,4,4,11,Loyalists,0,0.3326
13300,United Kingdom,2010-05-14,2011-06-23,169,3,1285.51,3,3,4,10,Loyalists,1,0.4876
16951,United Kingdom,2011-02-08,2011-07-28,134,3,1277.75,3,3,4,10,Loyalists,1,0.4876
12394,Denmark,2011-05-06,2011-10-07,63,2,1272.48,3,2,4,9,Hibernating,0,0.6333
17341,United Kingdom,2010-06-17,2011-07-06,156,5,1272.21,3,4,4,11,Loyalists,1,0.3383
13492,Switzerland,2011-05-09,2011-07-26,136,3,1269.84,3,3,4,10,Loyalists,1,0.4876
17037,United Kingdom,2011-09-13,2011-09-13,87,1,1267.32,3,2,4,9,Hibernating,0,0.6392
13515,United Kingdom,2010-03-05,2011-09-28,72,6,1265.82,3,4,4,11,Loyalists,0,0.3326
16842,United Kingdom,2011-02-10,2011-08-31,100,3,1264.19,3,3,4,10,Loyalists,1,0.4876
13689,United Kingdom,2010-09-21,2011-10-07,63,2,1259.5,3,2,4,9,Hibernating,0,0.6333
16292,United Kingdom,2010-04-14,2011-08-10,121,5,1253.76,3,4,4,11,Loyalists,1,0.3383
15579,United Kingdom,2010-10-03,2011-10-02,68,5,1250.63,3,4,4,11,Loyalists,0,0.3383
16527,United Kingdom,2010-10-11,2011-09-19,81,2,1232.94,3,2,4,9,Hibernating,0,0.6333
16723,United Kingdom,2009-12-04,2011-09-09,91,4,1231.36,3,3,4,10,Loyalists,1,0.4813
15800,United Kingdom,2010-03-31,2011-08-24,107,7,1227.07,3,4,4,11,Loyalists,1,0.327
13402,United Kingdom,2010-05-24,2011-08-04,127,4,1226.85,3,3,4,10,Loyalists,1,0.4813
13787,United Kingdom,2010-01-14,2011-09-25,75,6,1222.5,3,4,4,11,Loyalists,0,0.3327
15004,United Kingdom,2011-07-15,2011-07-15,147,1,1220.38,3,2,4,9,Hibernating,1,0.6392
13405,United Kingdom,2009-12-15,2011-09-26,74,6,1213.81,3,4,3,10,Loyalists,0,0.3619
16872,United Kingdom,2010-09-02,2011-09-23,77,6,1213.13,3,4,3,10,Loyalists,0,0.3619
14193,United Kingdom,2010-11-08,2011-10-03,67,3,1210.19,3,3,3,9,Loyalists,0,0.5199
18193,United Kingdom,2010-09-23,2011-06-27,165,3,1207.35,3,3,3,9,Loyalists,1,0.5199
15181,United Kingdom,2009-12-08,2011-10-04,66,5,1200.2,3,4,3,10,Loyalists,0,0.3678
14201,United Kingdom,2010-04-30,2011-10-10,60,10,1193.54,3,5,3,11,Loyalists,0,0.2246
13388,United Kingdom,2010-04-15,2011-07-31,131,3,1185.65,3,3,3,9,Loyalists,1,0.5199
17058,United Kingdom,2011-04-14,2011-09-19,81,3,1179.89,3,3,3,9,Loyalists,0,0.52
16693,United Kingdom,2010-02-21,2011-10-02,68,5,1179.48,3,4,3,10,Loyalists,0,0.3679
13233,United Kingdom,2010-01-14,2011-09-26,74,4,1176.46,3,3,3,9,Loyalists,0,0.5136
12885,United Kingdom,2011-08-08,2011-10-07,63,3,1175.22,3,3,3,9,Loyalists,0,0.52
17950,United Kingdom,2010-01-04,2011-09-28,72,7,1166.29,3,4,3,10,Loyalists,0,0.3561
17513,United Kingdom,2010-08-17,2011-09-28,72,3,1158.8,3,3,3,9,Loyalists,0,0.52
16184,United Kingdom,2011-05-12,2011-10-06,64,6,1158.79,3,4,3,10,Loyalists,0,0.362
14818,United Kingdom,2010-03-02,2011-09-27,73,6,1153.56,3,4,3,10,Loyalists,0,0.362
14475,United Kingdom,2010-10-27,2011-09-29,71,4,1151.15,3,3,3,9,Loyalists,0,0.5136
12710,Germany,2011-05-22,2011-09-04,96,3,1149.02,3,3,3,9,Loyalists,1,0.52
17984,United Kingdom,2009-12-01,2011-07-17,145,5,1148.69,3,4,3,10,Loyalists,1,0.3679
13856,United Kingdom,2010-03-30,2011-06-24,168,11,1142.03,3,5,3,11,Loyalists,1,0.2202
17866,United Kingdom,2009-12-14,2011-07-20,142,3,1134.95,3,3,3,9,Loyalists,1,0.52
12616,France,2010-11-16,2011-09-05,95,3,1131.1,3,3,3,9,Loyalists,1,0.52
14450,United Kingdom,2010-04-08,2011-06-12,180,7,1128.44,3,4,3,10,Loyalists,1,0.3561
13778,United Kingdom,2010-05-23,2011-08-28,103,4,1124.49,3,3,3,9,Loyalists,1,0.5137
13486,United Kingdom,2011-07-07,2011-09-22,78,3,1122.41,3,3,3,9,Loyalists,0,0.52
16354,United Kingdom,2010-04-27,2011-10-07,63,5,1119.46,3,4,3,10,Loyalists,0,0.3679
17788,United Kingdom,2011-08-02,2011-09-27,73,2,1117.9,3,2,3,8,Hibernating,0,0.6628
16278,United Kingdom,2010-07-28,2011-08-31,100,3,1117.84,3,3,3,9,Loyalists,1,0.52
12648,Germany,2010-01-07,2011-07-08,154,4,1112.0,3,3,3,9,Loyalists,1,0.5137
15069,United Kingdom,2011-06-13,2011-06-13,179,1,1109.53,3,2,3,8,Hibernating,1,0.6685
14891,United Kingdom,2010-09-29,2011-07-14,148,4,1106.73,3,3,3,9,Loyalists,1,0.5137
12434,Australia,2010-11-23,2011-09-16,84,3,1103.43,3,3,3,9,Loyalists,0,0.52
16895,United Kingdom,2010-02-12,2011-10-06,64,5,1102.9,3,4,3,10,Loyalists,0,0.3679
15574,United Kingdom,2010-09-01,2011-06-15,177,6,1101.44,3,4,3,10,Loyalists,1,0.362
14460,United Kingdom,2009-12-15,2011-08-21,110,9,1093.5,3,5,3,11,Loyalists,1,0.2291
16805,United Kingdom,2009-12-08,2011-06-19,173,5,1091.34,3,4,3,10,Loyalists,1,0.3679
16211,United Kingdom,2010-09-27,2011-09-12,88,3,1090.59,3,3,3,9,Loyalists,0,0.5201
12534,Germany,2011-08-01,2011-08-01,130,1,1089.18,3,2,3,8,Hibernating,1,0.6685
15254,United Kingdom,2010-05-28,2011-08-04,127,3,1088.35,3,3,3,9,Loyalists,1,0.5201
14013,United Kingdom,2010-03-26,2011-08-21,110,5,1084.57,3,4,3,10,Loyalists,1,0.368
14561,United Kingdom,2011-06-08,2011-09-25,75,3,1080.76,3,3,3,9,Loyalists,0,0.5201
13744,United Kingdom,2011-02-20,2011-09-05,95,2,1080.52,3,2,3,8,Hibernating,1,0.6629
14352,United Kingdom,2011-03-11,2011-07-05,157,4,1078.96,3,3,3,9,Loyalists,1,0.5137
13656,United Kingdom,2010-04-23,2011-06-28,164,4,1078.85,3,3,3,9,Loyalists,1,0.5137
16183,United Kingdom,2010-10-28,2011-10-03,67,4,1077.81,3,3,3,9,Loyalists,0,0.5137
15912,United Kingdom,2009-12-10,2011-06-14,178,9,1074.7,3,5,3,11,Loyalists,1,0.2291
12728,France,2010-11-21,2011-09-29,71,5,1070.17,3,4,3,10,Loyalists,0,0.368
15626,United Kingdom,2010-10-14,2011-09-26,74,3,1067.52,3,3,3,9,Loyalists,0,0.5201
15639,United Kingdom,2010-04-13,2011-07-28,134,3,1065.08,3,3,3,9,Loyalists,1,0.5201
13959,United Kingdom,2010-07-16,2011-09-21,79,6,1064.77,3,4,3,10,Loyalists,0,0.3621
14488,United Kingdom,2011-10-03,2011-10-03,67,1,1064.28,3,1,3,7,Hibernating,0,0.7811
12815,Poland,2011-05-25,2011-07-15,147,2,1063.46,3,2,3,8,Hibernating,1,0.6629
15706,United Kingdom,2011-08-15,2011-10-07,63,4,1060.56,3,4,3,10,Loyalists,0,0.3739
17214,United Kingdom,2010-12-15,2011-10-10,60,6,1059.12,3,4,3,10,Loyalists,0,0.3621
13140,United Kingdom,2010-08-05,2011-08-23,108,5,1054.92,3,4,3,10,Loyalists,1,0.368
15886,United Kingdom,2010-04-20,2011-10-10,60,4,1052.87,3,4,3,10,Loyalists,0,0.3739
15855,United Kingdom,2010-08-20,2011-07-26,136,6,1052.72,3,4,3,10,Loyalists,1,0.3621
14947,United Kingdom,2010-03-25,2011-09-28,72,6,1049.79,3,4,3,10,Loyalists,0,0.3621
15091,United Kingdom,2010-02-03,2011-10-03,67,3,1046.61,3,3,3,9,Loyalists,0,0.5201
15535,United Kingdom,2010-09-16,2011-06-19,173,6,1044.37,3,4,3,10,Loyalists,1,0.3621
15026,United Kingdom,2010-09-17,2011-09-20,80,5,1044.09,3,4,3,10,Loyalists,0,0.368
13359,United Kingdom,2010-11-01,2011-10-07,63,2,1043.31,3,2,3,8,Hibernating,0,0.6629
13873,United Kingdom,2010-03-03,2011-08-12,119,8,1038.92,3,4,3,10,Loyalists,1,0.3504
17926,United Kingdom,2010-05-09,2011-07-29,133,5,1035.49,3,4,3,10,Loyalists,1,0.368
17724,United Kingdom,2011-07-24,2011-09-29,71,3,1033.0,3,3,3,9,Loyalists,0,0.5201
13000,United Kingdom,2009-12-14,2011-08-25,106,4,1032.5,3,3,3,9,Loyalists,1,0.5138
16198,United Kingdom,2010-09-28,2011-09-25,75,2,1030.04,3,2,3,8,Hibernating,0,0.6629
17749,United Kingdom,2010-06-11,2011-06-14,178,3,1026.18,3,3,3,9,Loyalists,1,0.5201
16160,United Kingdom,2011-09-15,2011-10-05,65,2,1025.44,3,2,3,8,Hibernating,0,0.6629
13602,United Kingdom,2010-05-28,2011-10-06,64,4,1025.17,3,3,3,9,Loyalists,0,0.5138
13376,United Kingdom,2011-04-19,2011-09-01,99,3,1019.76,3,3,3,9,Loyalists,1,0.5201
18142,United Kingdom,2011-05-08,2011-07-05,157,2,1019.52,3,2,3,8,Hibernating,1,0.6629
16441,United Kingdom,2010-03-22,2011-10-03,67,5,1013.18,3,4,3,10,Loyalists,0,0.368
16451,United Kingdom,2009-12-04,2011-09-13,87,3,1013.15,3,3,3,9,Loyalists,0,0.5201
17980,United Kingdom,2010-11-11,2011-06-27,165,4,1012.72,3,3,3,9,Loyalists,1,0.5138
16572,United Kingdom,2011-03-09,2011-08-04,127,3,1009.6,3,3,3,9,Loyalists,1,0.5201
16287,United Kingdom,2010-01-19,2011-06-23,169,5,1006.98,3,4,3,10,Loyalists,1,0.368
12703,Germany,2010-01-24,2011-09-29,71,4,1006.53,3,3,3,9,Loyalists,0,0.5138
12545,Spain,2011-03-25,2011-09-25,75,2,1000.39,3,2,3,8,Hibernating,0,0.663
18143,United Kingdom,2011-07-21,2011-08-15,116,2,1000.16,3,2,3,8,Hibernating,1,0.663
13005,United Kingdom,2010-09-08,2011-06-19,173,4,999.68,3,3,3,9,Loyalists,1,0.5138
12413,Spain,2010-11-02,2011-10-04,66,4,999.45,3,3,3,9,Loyalists,0,0.5138
12722,France,2011-07-12,2011-09-15,85,4,997.63,3,3,3,9,Loyalists,0,0.5138
14223,United Kingdom,2011-03-20,2011-09-08,92,3,991.13,3,3,3,9,Loyalists,1,0.5202
15247,United Kingdom,2010-06-20,2011-08-09,122,3,976.06,3,3,3,9,Loyalists,1,0.5202
12915,United Kingdom,2010-04-29,2011-07-14,148,4,975.1,3,3,3,9,Loyalists,1,0.5138
17958,United Kingdom,2009-12-11,2011-08-15,116,2,973.88,3,2,3,8,Hibernating,1,0.663
17123,United Kingdom,2010-05-16,2011-07-01,161,3,966.67,3,3,3,9,Loyalists,1,0.5202
12550,Spain,2011-09-21,2011-09-21,79,1,964.83,3,1,3,7,Hibernating,0,0.7812
16518,United Kingdom,2010-06-01,2011-10-09,61,4,959.37,3,4,3,10,Loyalists,0,0.374
18192,United Kingdom,2011-09-29,2011-09-29,71,1,957.97,3,1,3,7,Hibernating,0,0.7812
17172,United Kingdom,2009-12-13,2011-09-22,78,3,956.57,3,3,3,9,Loyalists,0,0.5202
16141,United Kingdom,2010-10-18,2011-09-12,88,2,955.94,3,2,3,8,Hibernating,0,0.663
17189,United Kingdom,2009-12-02,2011-08-25,106,5,953.63,3,4,3,10,Loyalists,1,0.3681
12822,United Kingdom,2011-09-13,2011-09-30,70,2,948.88,3,2,3,8,Hibernating,0,0.663
16146,United Kingdom,2010-09-17,2011-07-05,157,4,946.38,3,3,3,9,Loyalists,1,0.5139
14958,United Kingdom,2009-12-03,2011-07-15,147,6,941.99,3,4,3,10,Loyalists,1,0.3622
13936,United Kingdom,2010-10-21,2011-06-13,179,3,939.66,3,3,3,9,Loyalists,1,0.5202
17298,United Kingdom,2010-03-08,2011-08-30,101,5,938.36,3,4,3,10,Loyalists,1,0.3681
14338,United Kingdom,2010-06-21,2011-07-01,161,3,928.1,3,3,3,9,Loyalists,1,0.5202
15243,United Kingdom,2010-09-30,2011-09-26,74,2,927.28,3,2,3,8,Hibernating,0,0.663
17805,United Kingdom,2010-04-08,2011-09-27,73,2,927.03,3,2,3,8,Hibernating,0,0.663
14128,United Kingdom,2010-06-06,2011-10-10,60,3,924.21,3,3,3,9,Loyalists,0,0.5202
13122,United Kingdom,2011-04-13,2011-09-06,94,2,922.39,3,2,3,8,Hibernating,1,0.663
14272,United Kingdom,2010-05-06,2011-09-27,73,4,920.81,3,3,3,9,Loyalists,0,0.5139
13075,United Kingdom,2011-08-02,2011-08-02,129,1,919.61,3,2,3,8,Hibernating,1,0.6687
15364,United Kingdom,2011-03-30,2011-09-05,95,2,913.19,3,2,3,8,Hibernating,1,0.663
15244,United Kingdom,2010-02-11,2011-10-05,65,3,912.08,3,3,3,9,Loyalists,0,0.5203
14133,United Kingdom,2009-12-06,2011-08-02,129,4,911.14,3,3,3,9,Loyalists,1,0.5139
13038,United Kingdom,2011-02-22,2011-09-20,80,3,908.46,3,3,3,9,Loyalists,0,0.5203
17464,United Kingdom,2010-03-30,2011-07-04,158,3,907.14,3,3,3,9,Loyalists,1,0.5203
17382,United Kingdom,2010-05-19,2011-10-05,65,8,902.28,3,4,3,10,Loyalists,0,0.3505
13548,United Kingdom,2010-08-25,2011-09-04,96,3,901.44,3,3,3,9,Loyalists,1,0.5203
16122,United Kingdom,2010-10-10,2011-09-27,73,6,895.62,3,4,3,10,Loyalists,0,0.3622
15211,United Kingdom,2010-12-09,2011-10-10,60,2,894.41,3,2,3,8,Hibernating,0,0.6631
17704,United Kingdom,2011-04-14,2011-06-24,168,2,885.19,3,2,3,8,Hibernating,1,0.6631
17480,United Kingdom,2010-09-21,2011-09-23,77,2,882.23,3,2,3,8,Hibernating,0,0.6631
16385,United Kingdom,2010-03-18,2011-10-10,60,5,881.35,3,4,3,10,Loyalists,0,0.3682
13937,United Kingdom,2010-11-02,2011-06-23,169,2,880.13,3,2,3,8,Hibernating,1,0.6631
15653,United Kingdom,2011-08-16,2011-09-08,92,2,877.44,3,2,3,8,Hibernating,1,0.6631
14645,United Kingdom,2010-03-15,2011-07-06,156,3,876.89,3,3,3,9,Loyalists,1,0.5203
14681,United Kingdom,2010-02-24,2011-09-29,71,6,875.15,3,4,3,10,Loyalists,0,0.3623
14753,United Kingdom,2010-09-05,2011-09-13,87,2,869.51,3,2,3,8,Hibernating,0,0.6631
16948,United Kingdom,2010-02-21,2011-07-24,138,7,868.77,3,4,3,10,Loyalists,1,0.3564
15264,United Kingdom,2010-06-27,2011-10-06,64,2,848.4,3,2,3,8,Hibernating,0,0.6631
14803,United Kingdom,2011-02-20,2011-06-30,162,3,845.55,3,3,3,9,Loyalists,1,0.5203
16344,United Kingdom,2010-02-09,2011-07-04,158,4,842.42,3,3,3,9,Loyalists,1,0.514
13169,United Kingdom,2010-05-26,2011-10-07,63,3,840.08,3,3,3,9,Loyalists,0,0.5203
15713,United Kingdom,2009-12-16,2011-07-19,143,4,839.64,3,3,3,9,Loyalists,1,0.514
14037,United Kingdom,2009-12-07,2011-06-16,176,6,836.95,3,4,3,10,Loyalists,1,0.3623
16644,United Kingdom,2011-05-11,2011-06-15,177,2,833.78,3,2,3,8,Hibernating,1,0.6631
15766,United Kingdom,2010-01-26,2011-10-06,64,3,831.06,3,3,3,9,Loyalists,0,0.5204
17045,United Kingdom,2010-10-06,2011-08-18,113,5,827.68,3,4,3,10,Loyalists,1,0.3682
12461,Switzerland,2011-07-08,2011-09-06,94,2,826.88,3,2,3,8,Hibernating,1,0.6631
12781,Czech Republic,2011-02-28,2011-10-07,63,2,826.74,3,2,3,8,Hibernating,0,0.6631
13513,United Kingdom,2010-02-22,2011-08-05,126,3,824.59,3,3,3,9,Loyalists,1,0.5204
13514,United Kingdom,2010-01-26,2011-09-27,73,4,815.9,3,3,3,9,Loyalists,0,0.514
17869,United Kingdom,2010-06-10,2011-08-24,107,7,813.64,3,4,3,10,Loyalists,1,0.3565
15483,United Kingdom,2010-01-24,2011-07-01,161,10,810.68,3,5,3,11,Loyalists,1,0.2249
16624,United Kingdom,2011-05-26,2011-09-20,80,2,810.57,3,2,3,8,Hibernating,0,0.6631
13045,United Kingdom,2010-08-10,2011-09-01,99,3,808.92,3,3,3,9,Loyalists,1,0.5204
18248,United Kingdom,2011-06-06,2011-08-09,122,2,804.02,3,2,3,8,Hibernating,1,0.6632
15644,United Kingdom,2011-03-23,2011-06-26,166,4,803.54,3,3,3,9,Loyalists,1,0.514
18265,United Kingdom,2011-07-04,2011-09-28,72,2,801.51,3,2,3,8,Hibernating,0,0.6632
13720,United Kingdom,2011-03-30,2011-08-15,116,4,799.9,3,3,3,9,Loyalists,1,0.514
15304,United Kingdom,2010-10-14,2011-10-10,60,9,796.4,3,5,3,11,Loyalists,0,0.2294
15396,United Kingdom,2010-05-05,2011-08-19,112,2,796.38,3,2,3,8,Hibernating,1,0.6632
16952,United Kingdom,2009-12-11,2011-08-22,109,5,795.83,3,4,3,10,Loyalists,1,0.3683
13336,United Kingdom,2011-09-23,2011-09-23,77,1,795.12,3,1,3,7,Hibernating,0,0.7813
16961,United Kingdom,2010-06-25,2011-08-15,116,3,794.56,3,3,3,9,Loyalists,1,0.5204
13296,United Kingdom,2010-05-11,2011-07-25,137,6,792.51,3,4,3,10,Loyalists,1,0.3624
14656,United Kingdom,2010-04-15,2011-06-23,169,5,790.0,3,4,3,10,Loyalists,1,0.3683
13016,United Kingdom,2011-08-08,2011-09-27,73,3,789.89,3,3,3,9,Loyalists,0,0.5204
14557,United Kingdom,2011-09-15,2011-09-15,85,1,788.38,3,2,3,8,Hibernating,0,0.6688
14513,United Kingdom,2010-05-20,2011-08-31,100,6,788.01,3,4,3,10,Loyalists,1,0.3624
16468,United Kingdom,2010-08-15,2011-09-26,74,3,787.52,3,3,3,9,Loyalists,0,0.5204
14463,United Kingdom,2010-07-28,2011-09-02,98,4,786.57,3,3,3,9,Loyalists,1,0.514
16739,United Kingdom,2010-06-21,2011-06-16,176,2,786.43,3,2,3,8,Hibernating,1,0.6632
15646,United Kingdom,2010-10-25,2011-07-05,157,5,784.81,3,4,3,10,Loyalists,1,0.3683
13453,United Kingdom,2010-11-02,2011-06-27,165,3,781.69,3,3,3,9,Loyalists,1,0.5204
13563,United Kingdom,2011-07-22,2011-09-16,84,2,777.53,3,2,3,8,Hibernating,0,0.6632
13745,United Kingdom,2010-06-11,2011-06-30,162,2,777.36,3,2,3,8,Hibernating,1,0.6632
15837,United Kingdom,2010-08-11,2011-10-06,64,2,777.01,3,2,3,8,Hibernating,0,0.6632
15075,United Kingdom,2011-09-23,2011-09-23,77,1,773.03,3,1,3,7,Hibernating,0,0.7813
17349,United Kingdom,2010-03-18,2011-06-13,179,5,772.41,3,4,3,10,Loyalists,1,0.3683
12965,United Kingdom,2011-09-11,2011-09-11,89,1,769.81,3,2,3,8,Hibernating,0,0.6689
16480,United Kingdom,2011-09-25,2011-09-25,75,1,769.29,3,1,3,7,Hibernating,0,0.7813
12923,United Kingdom,2010-05-13,2011-10-06,64,3,769.17,3,3,3,9,Loyalists,0,0.5204
16978,United Kingdom,2010-02-11,2011-09-23,77,3,768.88,3,3,3,9,Loyalists,0,0.5204
13980,United Kingdom,2010-02-21,2011-10-10,60,5,768.82,3,4,3,10,Loyalists,0,0.3683
13356,United Kingdom,2011-09-20,2011-09-20,80,1,768.24,3,1,3,7,Hibernating,0,0.7813
15921,United Kingdom,2010-03-09,2011-06-20,172,4,765.61,3,3,3,9,Loyalists,1,0.5141
13699,United Kingdom,2010-06-07,2011-07-07,155,2,764.15,3,2,3,8,Hibernating,1,0.6632
14998,United Kingdom,2010-04-13,2011-06-22,170,4,753.18,3,3,3,9,Loyalists,1,0.5141
13730,United Kingdom,2011-07-01,2011-07-27,135,2,752.6,3,2,3,8,Hibernating,1,0.6632
12871,United Kingdom,2010-09-26,2011-09-16,84,3,744.02,3,3,3,9,Loyalists,0,0.5205
13354,United Kingdom,2011-09-29,2011-09-29,71,1,743.53,3,1,3,7,Hibernating,0,0.7813
14104,United Kingdom,2010-05-28,2011-07-08,154,5,740.53,3,4,3,10,Loyalists,1,0.3683
15462,United Kingdom,2010-09-20,2011-09-06,94,4,737.05,3,3,3,9,Loyalists,1,0.5141
16806,United Kingdom,2011-04-14,2011-08-28,103,4,736.21,3,3,3,9,Loyalists,1,0.5141
15045,United Kingdom,2011-03-27,2011-07-11,151,2,735.66,3,2,3,8,Hibernating,1,0.6632
12527,Germany,2010-06-28,2011-09-19,81,5,735.51,3,4,3,10,Loyalists,0,0.3683
15938,United Kingdom,2010-06-01,2011-08-19,112,9,734.81,3,5,3,11,Loyalists,1,0.2294
17616,United Kingdom,2010-09-14,2011-06-19,173,4,734.4,3,3,3,9,Loyalists,1,0.5141
14778,United Kingdom,2011-02-04,2011-08-04,127,2,730.86,3,2,3,8,Hibernating,1,0.6632
16447,United Kingdom,2010-02-17,2011-07-27,135,3,727.1,3,3,3,9,Loyalists,1,0.5205
17615,United Kingdom,2010-08-11,2011-08-01,130,6,721.8,3,4,3,10,Loyalists,1,0.3624
13441,United Kingdom,2010-10-04,2011-09-09,91,2,720.9,3,2,3,8,Hibernating,1,0.6632
16526,United Kingdom,2010-05-04,2011-06-21,171,2,717.21,3,2,3,8,Hibernating,1,0.6632
12519,Germany,2010-08-20,2011-10-07,63,2,716.54,3,2,3,8,Hibernating,0,0.6632
12535,France,2011-06-06,2011-09-09,91,2,716.35,3,2,3,8,Hibernating,1,0.6632
12492,Germany,2010-11-01,2011-10-07,63,3,715.21,3,3,3,9,Loyalists,0,0.5205
15127,United Kingdom,2010-07-08,2011-10-05,65,2,711.5,3,2,3,8,Hibernating,0,0.6632
13927,United Kingdom,2010-09-28,2011-09-26,74,2,708.26,3,2,3,8,Hibernating,0,0.6633
12453,Austria,2011-07-28,2011-07-28,134,1,707.09,3,2,3,8,Hibernating,1,0.6689
16309,United Kingdom,2011-04-13,2011-08-25,106,2,706.57,3,2,3,8,Hibernating,1,0.6633
16882,United Kingdom,2011-01-26,2011-10-04,66,3,705.12,3,3,3,9,Loyalists,0,0.5205
12612,Germany,2011-09-26,2011-09-26,74,1,704.04,3,1,3,7,Hibernating,0,0.7814
14356,United Kingdom,2011-09-19,2011-09-21,79,2,701.23,3,2,3,8,Hibernating,0,0.6633
13833,United Kingdom,2010-10-31,2011-07-03,159,2,700.41,3,2,3,8,Hibernating,1,0.6633
13242,United Kingdom,2010-02-09,2011-08-19,112,7,699.4,3,4,3,10,Loyalists,1,0.3566
15700,United Kingdom,2011-06-19,2011-06-20,172,2,696.68,3,2,3,8,Hibernating,1,0.6633
14959,United Kingdom,2011-02-16,2011-10-06,64,4,695.42,3,3,3,9,Loyalists,0,0.5141
14880,United Kingdom,2011-02-24,2011-09-23,77,3,690.59,3,3,3,9,Loyalists,0,0.5205
16545,United Kingdom,2010-11-29,2011-06-28,164,2,689.82,3,2,3,8,Hibernating,1,0.6633
12450,Spain,2010-08-22,2011-07-06,156,5,688.2,3,4,3,10,Loyalists,1,0.3684
18017,United Kingdom,2010-10-04,2011-09-19,81,4,688.0,3,3,3,9,Loyalists,0,0.5142
17935,United Kingdom,2009-12-04,2011-07-24,138,7,686.14,3,4,3,10,Loyalists,1,0.3566
15219,United Kingdom,2010-03-01,2011-06-16,176,2,685.45,3,2,3,8,Hibernating,1,0.6633
14222,United Kingdom,2011-06-15,2011-06-15,177,1,683.17,3,2,3,8,Hibernating,1,0.6689
13925,United Kingdom,2011-07-28,2011-09-08,92,4,678.25,3,3,3,9,Loyalists,1,0.5142
17462,United Kingdom,2011-02-28,2011-10-10,60,2,675.69,3,2,3,8,Hibernating,0,0.6633
12942,United Kingdom,2010-12-09,2011-07-31,131,3,675.6,3,3,3,9,Loyalists,1,0.5205
13325,United Kingdom,2011-09-19,2011-09-19,81,1,675.3,3,1,3,7,Hibernating,0,0.7814
13355,United Kingdom,2011-08-09,2011-08-09,122,1,674.7,3,2,3,8,Hibernating,1,0.669
13951,United Kingdom,2011-02-18,2011-06-16,176,3,674.45,3,3,3,9,Loyalists,1,0.5205
17709,United Kingdom,2010-04-15,2011-06-23,169,5,671.01,3,4,3,10,Loyalists,1,0.3684
13741,United Kingdom,2011-05-06,2011-09-29,71,3,668.43,3,3,3,9,Loyalists,0,0.5205
16268,United Kingdom,2011-09-29,2011-09-29,71,2,667.65,3,2,3,8,Hibernating,0,0.6633
13217,United Kingdom,2010-02-22,2011-08-09,122,4,666.48,3,3,3,9,Loyalists,1,0.5142
17962,United Kingdom,2010-01-13,2011-07-20,142,4,665.91,3,3,3,9,Loyalists,1,0.5142
17105,United Kingdom,2011-02-06,2011-07-03,159,2,665.78,3,2,3,8,Hibernating,1,0.6633
16573,United Kingdom,2011-02-22,2011-09-16,84,2,663.61,3,2,3,8,Hibernating,0,0.6633
12837,United Kingdom,2010-05-19,2011-06-19,173,2,662.66,3,2,3,8,Hibernating,1,0.6633
16696,United Kingdom,2011-04-05,2011-07-27,135,4,657.9,3,3,3,9,Loyalists,1,0.5142
17398,United Kingdom,2011-03-29,2011-08-17,114,3,653.38,3,3,3,9,Loyalists,1,0.5206
18121,United Kingdom,2011-07-08,2011-07-13,149,2,653.3,3,2,3,8,Hibernating,1,0.6633
15205,United Kingdom,2011-08-04,2011-09-15,85,2,653.24,3,2,3,8,Hibernating,0,0.6633
17572,United Kingdom,2009-12-15,2011-09-29,71,10,652.21,3,5,3,11,Loyalists,0,0.225
14024,United Kingdom,2010-11-14,2011-08-10,121,3,645.74,3,3,3,9,Loyalists,1,0.5206
17312,United Kingdom,2011-07-03,2011-07-24,138,3,644.3,3,3,3,9,Loyalists,1,0.5206
12624,France,2011-06-15,2011-08-25,106,2,641.13,3,2,3,8,Hibernating,1,0.6633
15829,United Kingdom,2011-07-22,2011-09-01,99,2,636.14,3,2,3,8,Hibernating,1,0.6633
13518,United Kingdom,2011-09-15,2011-09-15,85,1,627.16,3,2,3,8,Hibernating,0,0.669
16715,United Kingdom,2010-05-26,2011-09-22,78,2,625.52,3,2,3,8,Hibernating,0,0.6633
17134,United Kingdom,2010-09-23,2011-08-25,106,3,625.3,3,3,3,9,Loyalists,1,0.5206
15258,United Kingdom,2011-05-06,2011-06-24,168,2,623.16,3,2,3,8,Hibernating,1,0.6633
15016,United Kingdom,2010-06-14,2011-06-20,172,5,620.89,3,4,3,10,Loyalists,1,0.3685
15276,United Kingdom,2010-10-01,2011-10-04,66,4,619.8,3,3,3,9,Loyalists,0,0.5142
14079,United Kingdom,2010-01-26,2011-08-07,124,2,618.73,3,2,3,8,Hibernating,1,0.6633
16613,United Kingdom,2011-09-30,2011-09-30,70,1,618.59,3,1,3,7,Hibernating,0,0.7814
16178,United Kingdom,2010-11-03,2011-07-24,138,2,612.6,3,2,3,8,Hibernating,1,0.6634
16589,United Kingdom,2010-09-15,2011-09-29,71,4,612.36,3,3,3,9,Loyalists,0,0.5142
12513,France,2011-08-19,2011-08-19,112,1,612.29,3,2,3,8,Hibernating,1,0.669
15232,United Kingdom,2011-07-22,2011-08-18,113,2,612.06,3,2,3,8,Hibernating,1,0.6634
13933,United Kingdom,2011-07-14,2011-08-22,109,2,608.79,3,2,3,8,Hibernating,1,0.6634
14323,United Kingdom,2011-04-15,2011-08-17,114,2,605.06,3,2,2,7,Hibernating,1,0.6915
16321,Australia,2009-12-01,2011-09-28,72,7,604.55,3,4,2,9,Hibernating,0,0.3868
13106,United Kingdom,2010-10-22,2011-07-29,133,2,603.46,3,2,2,7,Hibernating,1,0.6915
16080,United Kingdom,2010-09-15,2011-09-19,81,4,602.56,3,3,2,8,Hibernating,0,0.5464
12420,Cyprus,2011-10-07,2011-10-07,63,1,600.39,3,1,2,6,Hibernating,0,0.8027
13301,United Kingdom,2011-02-20,2011-08-28,103,4,600.19,3,3,2,8,Hibernating,1,0.5464
12521,Germany,2011-07-20,2011-07-20,142,1,599.68,3,2,2,7,Hibernating,1,0.6969
16780,United Kingdom,2010-10-28,2011-08-31,100,3,596.4,3,3,2,8,Hibernating,1,0.5527
14965,United Kingdom,2011-09-04,2011-09-04,96,2,596.09,3,2,2,7,Hibernating,1,0.6915
18232,United Kingdom,2011-05-26,2011-09-19,81,4,592.97,3,3,2,8,Hibernating,0,0.5464
16776,United Kingdom,2010-10-20,2011-10-10,60,2,592.51,3,2,2,7,Hibernating,0,0.6915
17483,United Kingdom,2010-10-21,2011-10-05,65,4,591.73,3,3,2,8,Hibernating,0,0.5464
15624,United Kingdom,2011-03-28,2011-08-15,116,4,588.13,3,3,2,8,Hibernating,1,0.5464
15762,United Kingdom,2011-09-23,2011-10-05,65,2,583.75,3,2,2,7,Hibernating,0,0.6915
14529,United Kingdom,2011-08-21,2011-10-10,60,3,578.61,3,3,2,8,Hibernating,0,0.5527
18262,United Kingdom,2010-04-16,2011-07-22,140,3,577.54,3,3,2,8,Hibernating,1,0.5527
14053,United Kingdom,2010-08-10,2011-08-07,124,4,572.3,3,3,2,8,Hibernating,1,0.5464
12816,Poland,2011-06-16,2011-09-05,95,2,572.2,3,2,2,7,Hibernating,1,0.6916
15198,United Kingdom,2010-01-19,2011-09-08,92,5,571.35,3,4,2,9,Hibernating,1,0.399
18053,United Kingdom,2010-06-30,2011-09-30,70,3,571.07,3,3,2,8,Hibernating,0,0.5527
17122,United Kingdom,2010-07-28,2011-08-12,119,4,570.5,3,3,2,8,Hibernating,1,0.5464
15315,United Kingdom,2011-08-15,2011-10-06,64,2,570.5,3,2,2,7,Hibernating,0,0.6916
17433,United Kingdom,2010-11-19,2011-09-12,88,2,569.96,3,2,2,7,Hibernating,0,0.6916
13321,United Kingdom,2011-09-14,2011-09-28,72,2,567.36,3,2,2,7,Hibernating,0,0.6916
16667,United Kingdom,2011-02-28,2011-10-02,68,2,567.18,3,2,2,7,Hibernating,0,0.6916
14208,United Kingdom,2010-06-06,2011-09-06,94,2,567.05,3,2,2,7,Hibernating,1,0.6916
15920,United Kingdom,2009-12-14,2011-07-08,154,8,565.19,3,4,2,9,Hibernating,1,0.3808
13260,United Kingdom,2011-10-09,2011-10-09,61,1,557.62,3,1,2,6,Hibernating,0,0.8027
16641,United Kingdom,2010-01-07,2011-08-26,105,2,554.5,3,2,2,7,Hibernating,1,0.6916
12363,Unspecified,2011-04-11,2011-08-22,109,2,552.0,3,2,2,7,Hibernating,1,0.6916
17674,United Kingdom,2010-12-06,2011-09-26,74,2,551.04,3,2,2,7,Hibernating,0,0.6916
17265,United Kingdom,2011-06-12,2011-07-24,138,2,550.01,3,2,2,7,Hibernating,1,0.6916
12390,Belgium,2011-09-21,2011-09-21,79,1,549.84,3,1,2,6,Hibernating,0,0.8027
16536,United Kingdom,2011-08-21,2011-08-21,110,1,548.12,3,2,2,7,Hibernating,1,0.697
16031,United Kingdom,2011-04-06,2011-09-08,92,2,547.9,3,2,2,7,Hibernating,1,0.6916
16475,United Kingdom,2011-03-11,2011-09-12,88,4,544.3,3,3,2,8,Hibernating,0,0.5464
13390,United Kingdom,2011-09-26,2011-09-26,74,1,544.08,3,1,2,6,Hibernating,0,0.8027
13955,United Kingdom,2010-11-29,2011-07-08,154,3,544.07,3,3,2,8,Hibernating,1,0.5527
16927,United Kingdom,2010-12-13,2011-08-16,115,3,543.05,3,3,2,8,Hibernating,1,0.5527
15675,United Kingdom,2010-10-31,2011-09-19,81,4,542.04,3,3,2,8,Hibernating,0,0.5464
16647,United Kingdom,2010-06-13,2011-06-23,169,4,541.9,3,3,2,8,Hibernating,1,0.5464
12743,Unspecified,2011-07-28,2011-07-28,134,2,540.13,3,2,2,7,Hibernating,1,0.6916
15825,United Kingdom,2011-06-20,2011-06-20,172,1,532.94,3,2,2,7,Hibernating,1,0.697
14002,United Kingdom,2011-07-06,2011-07-28,134,2,529.73,3,2,2,7,Hibernating,1,0.6916
15756,United Kingdom,2011-04-04,2011-10-09,61,4,528.01,3,4,2,9,Hibernating,0,0.4052
15683,United Kingdom,2010-08-23,2011-08-14,117,2,524.54,3,2,2,7,Hibernating,1,0.6916
17765,United Kingdom,2010-09-17,2011-07-04,158,4,524.0,3,3,2,8,Hibernating,1,0.5465
17514,United Kingdom,2010-02-08,2011-08-03,128,2,522.0,3,2,2,7,Hibernating,1,0.6916
15689,United Kingdom,2010-04-01,2011-08-12,119,3,521.03,3,3,2,8,Hibernating,1,0.5528
12977,United Kingdom,2010-07-16,2011-07-06,156,4,513.88,3,3,2,8,Hibernating,1,0.5465
16829,United Kingdom,2010-11-16,2011-07-06,156,2,513.32,3,2,2,7,Hibernating,1,0.6916
13177,United Kingdom,2010-10-05,2011-10-06,64,2,512.2,3,2,2,7,Hibernating,0,0.6916
12436,Norway,2011-09-01,2011-09-01,99,1,509.01,3,2,2,7,Hibernating,1,0.697
15417,United Kingdom,2011-09-15,2011-09-15,85,1,508.8,3,2,2,7,Hibernating,0,0.697
17391,United Kingdom,2011-06-28,2011-06-29,163,2,508.8,3,2,2,7,Hibernating,1,0.6916
14317,United Kingdom,2011-10-06,2011-10-06,64,1,508.58,3,1,2,6,Hibernating,0,0.8027
13067,United Kingdom,2010-09-19,2011-09-18,82,3,508.51,3,3,2,8,Hibernating,0,0.5528
14552,United Kingdom,2010-04-26,2011-07-11,151,3,507.93,3,3,2,8,Hibernating,1,0.5528
17415,United Kingdom,2011-09-21,2011-09-21,79,1,507.84,3,1,2,6,Hibernating,0,0.8027
17630,United Kingdom,2011-04-21,2011-06-23,169,2,503.6,3,2,2,7,Hibernating,1,0.6916
13116,United Kingdom,2011-07-24,2011-07-24,138,1,501.14,3,2,2,7,Hibernating,1,0.697
17248,United Kingdom,2010-08-15,2011-08-11,120,2,500.54,3,2,2,7,Hibernating,1,0.6916
17110,United Kingdom,2010-04-08,2011-06-27,165,3,499.9,3,3,2,8,Hibernating,1,0.5528
15193,United Kingdom,2011-10-10,2011-10-10,60,1,499.32,3,1,2,6,Hibernating,0,0.8027
17256,United Kingdom,2010-04-18,2011-08-24,107,5,498.93,3,4,2,9,Hibernating,1,0.3991
14171,United Kingdom,2009-12-09,2011-09-02,98,2,498.79,3,2,2,7,Hibernating,1,0.6916
17053,United Kingdom,2011-08-01,2011-08-01,130,1,498.48,3,2,2,7,Hibernating,1,0.697
16820,United Kingdom,2011-09-05,2011-09-05,95,1,497.61,3,2,2,7,Hibernating,1,0.697
15300,United Kingdom,2011-10-06,2011-10-06,64,1,496.44,3,1,2,6,Hibernating,0,0.8027
17333,United Kingdom,2011-09-15,2011-09-15,85,1,494.25,3,2,2,7,Hibernating,0,0.697
12763,Japan,2010-12-05,2011-07-24,138,2,494.08,3,2,2,7,Hibernating,1,0.6916
14722,United Kingdom,2010-08-10,2011-07-15,147,3,489.52,3,3,2,8,Hibernating,1,0.5528
13675,United Kingdom,2011-02-28,2011-07-11,151,2,486.82,3,2,2,7,Hibernating,1,0.6916
15216,United Kingdom,2010-03-31,2011-09-13,87,2,486.09,3,2,2,7,Hibernating,0,0.6916
18203,United Kingdom,2009-12-08,2011-07-05,157,4,482.52,3,3,2,8,Hibernating,1,0.5465
16603,United Kingdom,2011-09-09,2011-09-26,74,2,482.47,3,2,2,7,Hibernating,0,0.6916
15507,United Kingdom,2011-06-21,2011-06-21,171,1,475.86,3,2,2,7,Hibernating,1,0.6971
13194,United Kingdom,2010-10-14,2011-07-27,135,2,472.78,3,2,2,7,Hibernating,1,0.6917
16473,United Kingdom,2010-11-30,2011-06-28,164,4,470.83,3,3,2,8,Hibernating,1,0.5465
14029,United Kingdom,2011-07-18,2011-10-07,63,2,467.66,3,2,2,7,Hibernating,0,0.6917
13248,United Kingdom,2011-06-03,2011-08-07,124,2,465.68,3,2,2,7,Hibernating,1,0.6917
15349,United Kingdom,2011-06-05,2011-07-04,158,2,463.91,3,2,2,7,Hibernating,1,0.6917
17040,United Kingdom,2010-06-07,2011-07-25,137,2,463.25,3,2,2,7,Hibernating,1,0.6917
14331,United Kingdom,2011-07-27,2011-08-07,124,2,462.66,3,2,2,7,Hibernating,1,0.6917
15958,United Kingdom,2010-06-07,2011-09-26,74,4,462.12,3,3,2,8,Hibernating,0,0.5465
14819,United Kingdom,2009-12-21,2011-10-06,64,4,456.41,3,3,2,8,Hibernating,0,0.5465
15585,United Kingdom,2011-06-16,2011-06-16,176,1,455.3,3,2,2,7,Hibernating,1,0.6971
15475,United Kingdom,2011-09-23,2011-09-23,77,1,454.11,3,1,2,6,Hibernating,0,0.8028
17376,United Kingdom,2010-07-05,2011-09-30,70,4,453.64,3,3,2,8,Hibernating,0,0.5465
12729,France,2011-08-18,2011-08-18,113,1,453.01,3,2,2,7,Hibernating,1,0.6971
14184,United Kingdom,2011-10-04,2011-10-04,66,1,452.89,3,1,2,6,Hibernating,0,0.8028
13877,United Kingdom,2010-01-19,2011-09-14,86,3,449.68,3,3,2,8,Hibernating,0,0.5528
13489,United Kingdom,2011-02-18,2011-08-26,105,4,449.52,3,3,2,8,Hibernating,1,0.5465
15739,United Kingdom,2011-10-04,2011-10-04,66,1,449.12,3,1,2,6,Hibernating,0,0.8028
13754,United Kingdom,2010-09-28,2011-07-11,151,3,447.05,3,3,2,8,Hibernating,1,0.5529
17370,United Kingdom,2011-06-23,2011-09-28,72,4,446.18,3,3,2,8,Hibernating,0,0.5465
16404,United Kingdom,2011-09-30,2011-09-30,70,1,443.05,3,1,2,6,Hibernating,0,0.8028
18222,United Kingdom,2011-09-08,2011-09-08,92,1,443.0,3,2,2,7,Hibernating,1,0.6971
12579,France,2011-09-22,2011-09-22,78,1,440.42,3,1,2,6,Hibernating,0,0.8028
17070,United Kingdom,2010-10-25,2011-08-17,114,2,437.42,3,2,2,7,Hibernating,1,0.6917
12493,France,2011-05-26,2011-06-27,165,2,433.74,3,2,2,7,Hibernating,1,0.6917
16236,United Kingdom,2011-09-22,2011-09-22,78,1,432.2,3,1,2,6,Hibernating,0,0.8028
16881,United Kingdom,2011-10-04,2011-10-04,66,1,432.0,3,1,2,6,Hibernating,0,0.8028
15488,United Kingdom,2010-05-05,2011-09-08,92,5,431.92,3,4,2,9,Hibernating,1,0.3991
15036,United Kingdom,2011-06-13,2011-09-28,72,3,429.56,3,3,2,8,Hibernating,0,0.5529
15553,United Kingdom,2011-10-10,2011-10-10,60,1,428.93,3,1,2,6,Hibernating,0,0.8028
12740,France,2011-10-07,2011-10-07,63,1,427.6,3,1,2,6,Hibernating,0,0.8028
15930,United Kingdom,2011-10-03,2011-10-03,67,1,426.63,3,1,2,6,Hibernating,0,0.8028
15888,United Kingdom,2010-07-01,2011-09-20,80,3,423.49,3,3,2,8,Hibernating,0,0.5529
16689,United Kingdom,2011-09-18,2011-09-25,75,2,422.6,3,2,2,7,Hibernating,0,0.6917
14757,United Kingdom,2011-09-25,2011-09-25,75,1,420.5,3,1,2,6,Hibernating,0,0.8028
14124,United Kingdom,2011-09-16,2011-09-16,84,1,419.58,3,2,2,7,Hibernating,0,0.6971
12593,France,2011-05-05,2011-08-23,108,3,418.1,3,3,2,8,Hibernating,1,0.5529
12833,United Kingdom,2011-07-17,2011-07-17,145,1,417.38,3,2,2,7,Hibernating,1,0.6971
16816,United Kingdom,2010-12-16,2011-08-28,103,4,417.06,3,3,2,8,Hibernating,1,0.5466
12930,United Kingdom,2011-06-21,2011-09-22,78,2,415.8,3,2,2,7,Hibernating,0,0.6917
14333,United Kingdom,2011-10-03,2011-10-03,67,1,415.2,3,1,2,6,Hibernating,0,0.8028
18278,United Kingdom,2010-10-31,2011-09-27,73,2,414.2,3,2,2,7,Hibernating,0,0.6917
16272,United Kingdom,2011-08-15,2011-08-15,116,1,411.7,3,2,2,7,Hibernating,1,0.6971
15099,United Kingdom,2011-09-16,2011-09-16,84,1,410.48,3,2,2,7,Hibernating,0,0.6971
16921,United Kingdom,2010-04-18,2011-10-09,61,3,409.21,3,3,2,8,Hibernating,0,0.5529
16629,United Kingdom,2011-09-04,2011-09-27,73,2,408.63,3,2,2,7,Hibernating,0,0.6917
16324,United Kingdom,2011-06-15,2011-08-03,128,3,408.59,3,3,2,8,Hibernating,1,0.5529
15342,United Kingdom,2011-08-02,2011-08-02,129,1,406.09,3,2,2,7,Hibernating,1,0.6971
12922,United Kingdom,2011-07-01,2011-07-01,161,1,405.38,3,2,2,7,Hibernating,1,0.6971
16484,United Kingdom,2011-06-02,2011-06-19,173,2,404.3,3,2,2,7,Hibernating,1,0.6917
16998,United Kingdom,2010-09-21,2011-07-13,149,5,402.0,3,4,2,9,Hibernating,1,0.3992
13352,United Kingdom,2011-10-10,2011-10-10,60,1,397.98,3,1,2,6,Hibernating,0,0.8028
15280,United Kingdom,2010-05-17,2011-06-20,172,3,397.52,3,3,2,8,Hibernating,1,0.5529
15577,United Kingdom,2009-12-13,2011-07-11,151,5,396.03,3,4,2,9,Hibernating,1,0.3992
15504,United Kingdom,2010-02-12,2011-09-19,81,4,391.45,3,3,2,8,Hibernating,0,0.5466
18024,United Kingdom,2011-07-10,2011-07-10,152,2,389.78,3,2,2,7,Hibernating,1,0.6917
16982,United Kingdom,2011-10-10,2011-10-10,60,1,384.06,3,1,2,6,Hibernating,0,0.8028
13792,United Kingdom,2010-10-13,2011-10-04,66,3,383.95,3,3,2,8,Hibernating,0,0.5529
14908,United Kingdom,2010-09-02,2011-09-26,74,2,381.9,3,2,2,7,Hibernating,0,0.6917
15048,United Kingdom,2010-12-06,2011-10-05,65,4,381.0,3,3,2,8,Hibernating,0,0.5466
16909,United Kingdom,2011-09-28,2011-09-28,72,1,379.14,3,1,2,6,Hibernating,0,0.8028
13372,United Kingdom,2011-09-11,2011-09-11,89,1,378.64,3,2,2,7,Hibernating,0,0.6972
17783,United Kingdom,2010-07-15,2011-09-28,72,3,376.96,3,3,2,8,Hibernating,0,0.5529
14067,United Kingdom,2011-09-04,2011-10-07,63,2,374.7,3,2,2,7,Hibernating,0,0.6918
13351,United Kingdom,2011-10-04,2011-10-04,66,1,373.94,3,1,2,6,Hibernating,0,0.8028
18155,United Kingdom,2011-02-21,2011-09-25,75,3,371.62,3,3,2,8,Hibernating,0,0.5529
15472,United Kingdom,2011-08-18,2011-08-18,113,1,371.56,3,2,2,7,Hibernating,1,0.6972
15975,United Kingdom,2011-09-16,2011-09-16,84,1,371.01,3,2,2,7,Hibernating,0,0.6972
16758,United Kingdom,2011-10-05,2011-10-05,65,1,369.34,3,1,2,6,Hibernating,0,0.8028
17536,United Kingdom,2010-01-26,2011-06-15,177,3,364.83,3,3,2,8,Hibernating,1,0.5529
15343,United Kingdom,2011-09-13,2011-09-13,87,1,364.5,3,2,2,7,Hibernating,0,0.6972
16305,United Kingdom,2011-07-24,2011-07-24,138,1,361.22,3,2,2,7,Hibernating,1,0.6972
15120,United Kingdom,2011-07-29,2011-07-29,133,1,358.82,3,2,2,7,Hibernating,1,0.6972
17948,United Kingdom,2011-07-15,2011-07-15,147,1,358.56,3,2,2,7,Hibernating,1,0.6972
13228,United Kingdom,2011-09-19,2011-09-19,81,1,358.0,3,1,2,6,Hibernating,0,0.8028
14500,United Kingdom,2011-06-03,2011-09-12,88,3,356.85,3,3,2,8,Hibernating,0,0.553
13210,United Kingdom,2011-09-07,2011-09-07,93,1,353.48,3,2,2,7,Hibernating,1,0.6972
13343,United Kingdom,2011-06-15,2011-06-15,177,1,353.43,3,2,2,7,Hibernating,1,0.6972
16690,United Kingdom,2010-09-14,2011-09-28,72,4,353.03,3,3,2,8,Hibernating,0,0.5466
12566,Germany,2011-09-14,2011-09-14,86,1,351.65,3,2,2,7,Hibernating,0,0.6972
13670,United Kingdom,2011-09-25,2011-09-25,75,1,349.7,3,1,2,6,Hibernating,0,0.8029
17252,United Kingdom,2011-06-06,2011-08-15,116,2,348.91,3,2,2,7,Hibernating,1,0.6918
15334,United Kingdom,2011-06-19,2011-07-06,156,3,347.87,3,3,2,8,Hibernating,1,0.553
13774,United Kingdom,2011-09-19,2011-09-19,81,1,345.0,3,1,2,6,Hibernating,0,0.8029
12715,Sweden,2011-08-25,2011-08-25,106,1,343.36,3,2,2,7,Hibernating,1,0.6972
13519,United Kingdom,2010-09-23,2011-09-22,78,2,343.21,3,2,2,7,Hibernating,0,0.6918
17795,United Kingdom,2011-03-20,2011-06-13,179,2,342.83,3,2,2,7,Hibernating,1,0.6918
17660,United Kingdom,2009-12-02,2011-07-21,141,2,342.22,3,2,2,7,Hibernating,1,0.6918
13347,United Kingdom,2011-09-30,2011-09-30,70,1,341.36,3,1,2,6,Hibernating,0,0.8029
14491,United Kingdom,2010-12-02,2011-06-17,175,2,340.93,3,2,2,7,Hibernating,1,0.6918
15942,United Kingdom,2011-07-29,2011-07-29,133,1,337.44,3,2,2,7,Hibernating,1,0.6972
14196,United Kingdom,2011-08-25,2011-08-25,106,1,335.52,3,2,2,7,Hibernating,1,0.6972
16803,United Kingdom,2011-10-05,2011-10-05,65,1,332.3,3,1,2,6,Hibernating,0,0.8029
17647,United Kingdom,2010-02-08,2011-10-05,65,3,331.66,3,3,2,8,Hibernating,0,0.553
15512,United Kingdom,2010-02-01,2011-07-07,155,4,331.58,3,3,2,8,Hibernating,1,0.5467
15130,United Kingdom,2011-06-23,2011-06-23,169,1,330.11,3,2,2,7,Hibernating,1,0.6972
17154,United Kingdom,2011-09-25,2011-09-25,75,1,329.34,3,1,2,6,Hibernating,0,0.8029
13801,United Kingdom,2011-10-04,2011-10-04,66,1,324.8,3,1,2,6,Hibernating,0,0.8029
16685,United Kingdom,2011-10-09,2011-10-09,61,2,324.24,3,2,2,7,Hibernating,0,0.6918
17440,United Kingdom,2010-06-08,2011-07-06,156,4,323.58,3,3,2,8,Hibernating,1,0.5467
16627,United Kingdom,2011-09-21,2011-09-21,79,1,322.8,3,1,2,6,Hibernating,0,0.8029
16342,United Kingdom,2011-06-13,2011-09-25,75,4,322.41,3,3,2,8,Hibernating,0,0.5467
14823,United Kingdom,2011-05-29,2011-06-12,180,3,321.43,3,3,2,8,Hibernating,1,0.553
17309,United Kingdom,2010-02-04,2011-09-05,95,3,320.39,3,3,2,8,Hibernating,1,0.553
17229,United Kingdom,2011-07-20,2011-09-04,96,2,318.76,3,2,2,7,Hibernating,1,0.6918
17267,United Kingdom,2011-08-04,2011-08-04,127,2,317.2,3,2,2,7,Hibernating,1,0.6918
16761,United Kingdom,2011-09-04,2011-09-04,96,1,316.62,3,2,2,7,Hibernating,1,0.6972
17408,United Kingdom,2010-07-13,2011-06-29,163,3,316.09,3,3,2,8,Hibernating,1,0.553
16091,United Kingdom,2011-05-25,2011-07-08,154,2,315.06,3,2,2,7,Hibernating,1,0.6918
16582,United Kingdom,2011-08-18,2011-08-18,113,1,313.62,3,2,2,7,Hibernating,1,0.6972
13845,United Kingdom,2011-10-06,2011-10-06,64,1,312.98,3,1,2,6,Hibernating,0,0.8029
14951,United Kingdom,2011-09-21,2011-09-21,79,1,311.69,3,1,2,6,Hibernating,0,0.8029
15185,United Kingdom,2011-09-30,2011-09-30,70,1,310.62,3,1,2,6,Hibernating,0,0.8029
12884,United Kingdom,2011-09-12,2011-09-12,88,1,309.05,3,2,2,7,Hibernating,0,0.6972
13529,United Kingdom,2011-05-19,2011-09-22,78,2,307.76,3,2,2,7,Hibernating,0,0.6918
15374,United Kingdom,2010-03-25,2011-08-03,128,2,307.32,3,2,2,7,Hibernating,1,0.6918
16796,United Kingdom,2011-09-11,2011-09-11,89,1,305.62,3,2,2,7,Hibernating,0,0.6972
16181,United Kingdom,2011-09-27,2011-09-27,73,1,305.54,3,1,2,6,Hibernating,0,0.8029
14806,United Kingdom,2010-09-26,2011-09-25,75,2,303.43,3,2,2,7,Hibernating,0,0.6918
18255,United Kingdom,2010-09-09,2011-09-11,89,2,303.15,3,2,2,7,Hibernating,0,0.6918
18165,United Kingdom,2011-06-15,2011-06-15,177,1,302.46,3,2,2,7,Hibernating,1,0.6972
17339,United Kingdom,2010-07-18,2011-09-06,94,3,302.36,3,3,2,8,Hibernating,1,0.553
17506,United Kingdom,2011-09-25,2011-09-25,75,1,302.2,3,1,2,6,Hibernating,0,0.8029
16050,United Kingdom,2010-11-03,2011-06-19,173,3,300.7,3,3,2,8,Hibernating,1,0.553
12864,United Kingdom,2010-07-19,2011-07-24,138,2,299.57,3,2,2,7,Hibernating,1,0.6918
17898,United Kingdom,2010-05-21,2011-09-15,85,4,299.18,3,3,2,8,Hibernating,0,0.5467
13667,United Kingdom,2011-07-13,2011-07-13,149,1,299.05,3,2,2,7,Hibernating,1,0.6972
18018,United Kingdom,2010-10-15,2011-08-23,108,4,297.99,3,3,2,8,Hibernating,1,0.5467
13504,United Kingdom,2011-10-06,2011-10-06,64,1,295.93,3,1,2,6,Hibernating,0,0.8029
14162,United Kingdom,2011-02-20,2011-06-19,173,2,289.36,3,2,2,7,Hibernating,1,0.6918
15041,United Kingdom,2010-09-21,2011-06-22,170,2,288.98,3,2,2,7,Hibernating,1,0.6918
16808,United Kingdom,2011-03-10,2011-09-01,99,2,288.42,3,2,2,7,Hibernating,1,0.6918
16432,United Kingdom,2011-10-06,2011-10-06,64,1,287.4,3,1,2,6,Hibernating,0,0.8029
14660,United Kingdom,2011-08-31,2011-09-14,86,2,285.74,3,2,2,7,Hibernating,0,0.6918
16429,United Kingdom,2011-08-25,2011-08-25,106,1,284.55,3,2,1,6,Hibernating,1,0.7238
12851,United Kingdom,2010-08-19,2011-09-04,96,2,280.76,3,2,1,6,Hibernating,1,0.7186
13080,United Kingdom,2010-04-09,2011-06-13,179,4,280.73,3,3,1,7,Hibernating,1,0.5785
12750,Poland,2011-08-03,2011-08-03,128,1,275.88,3,2,1,6,Hibernating,1,0.7238
12789,Netherlands,2010-01-15,2011-10-05,65,3,273.35,3,3,1,7,Hibernating,0,0.5847
13307,United Kingdom,2010-04-26,2011-08-11,120,3,273.34,3,3,1,7,Hibernating,1,0.5847
17498,United Kingdom,2011-09-25,2011-09-25,75,1,272.22,3,1,1,5,Hibernating,0,0.8225
14436,United Kingdom,2010-06-04,2011-09-02,98,2,271.7,3,2,1,6,Hibernating,1,0.7187
17786,United Kingdom,2011-01-26,2011-09-15,85,2,266.85,3,2,1,6,Hibernating,0,0.7187
13127,United Kingdom,2011-09-23,2011-09-23,77,1,259.17,3,1,1,5,Hibernating,0,0.8225
13806,United Kingdom,2011-10-07,2011-10-07,63,1,256.38,3,1,1,5,Hibernating,0,0.8225
12604,France,2011-03-23,2011-09-21,79,2,254.18,3,2,1,6,Hibernating,0,0.7187
15035,United Kingdom,2011-09-11,2011-09-11,89,1,252.73,3,2,1,6,Hibernating,0,0.7238
13645,United Kingdom,2011-08-11,2011-08-11,120,1,252.1,3,2,1,6,Hibernating,1,0.7238
13061,United Kingdom,2011-09-28,2011-09-28,72,1,248.61,3,1,1,5,Hibernating,0,0.8225
16778,United Kingdom,2011-03-10,2011-09-26,74,2,245.94,3,2,1,6,Hibernating,0,0.7187
15118,United Kingdom,2011-07-28,2011-07-28,134,1,244.8,3,2,1,6,Hibernating,1,0.7238
13886,United Kingdom,2011-09-29,2011-09-29,71,1,243.56,3,1,1,5,Hibernating,0,0.8225
16215,United Kingdom,2011-09-20,2011-09-20,80,1,242.35,3,1,1,5,Hibernating,0,0.8225
15776,United Kingdom,2011-07-29,2011-07-29,133,1,241.62,3,2,1,6,Hibernating,1,0.7238
14523,United Kingdom,2011-08-23,2011-08-23,108,1,241.09,3,2,1,6,Hibernating,1,0.7238
12718,France,2011-09-29,2011-09-29,71,1,238.25,3,1,1,5,Hibernating,0,0.8226
17877,United Kingdom,2011-06-22,2011-06-22,170,1,237.61,3,2,1,6,Hibernating,1,0.7238
12732,France,2011-06-13,2011-06-13,179,1,236.26,3,2,1,6,Hibernating,1,0.7238
14473,United Kingdom,2011-03-02,2011-09-26,74,2,234.34,3,2,1,6,Hibernating,0,0.7187
13348,United Kingdom,2011-10-06,2011-10-06,64,1,233.76,3,1,1,5,Hibernating,0,0.8226
16302,United Kingdom,2011-08-05,2011-08-05,126,1,233.22,3,2,1,6,Hibernating,1,0.7238
13678,United Kingdom,2011-07-11,2011-07-11,151,1,232.6,3,2,1,6,Hibernating,1,0.7238
14314,United Kingdom,2010-10-05,2011-08-25,106,2,229.8,3,2,1,6,Hibernating,1,0.7187
17347,United Kingdom,2011-09-14,2011-09-14,86,1,228.96,3,2,1,6,Hibernating,0,0.7238
15175,United Kingdom,2011-09-29,2011-09-29,71,1,224.14,3,1,1,5,Hibernating,0,0.8226
13419,United Kingdom,2011-10-07,2011-10-07,63,1,221.06,3,1,1,5,Hibernating,0,0.8226
16179,United Kingdom,2011-10-10,2011-10-10,60,1,215.83,3,1,1,5,Hibernating,0,0.8226
16338,United Kingdom,2011-07-05,2011-07-05,157,1,214.8,3,2,1,6,Hibernating,1,0.7238
13621,United Kingdom,2011-08-15,2011-08-15,116,1,213.85,3,2,1,6,Hibernating,1,0.7238
13411,United Kingdom,2011-08-24,2011-08-24,107,1,213.55,3,2,1,6,Hibernating,1,0.7238
16591,United Kingdom,2011-10-02,2011-10-02,68,1,213.5,3,1,1,5,Hibernating,0,0.8226
15866,United Kingdom,2011-08-30,2011-08-30,101,1,211.89,3,2,1,6,Hibernating,1,0.7238
12995,United Kingdom,2011-09-15,2011-09-15,85,1,211.32,3,2,1,6,Hibernating,0,0.7238
16866,United Kingdom,2011-07-01,2011-07-22,140,3,207.74,3,3,1,7,Hibernating,1,0.5847
13099,United Kingdom,2011-09-01,2011-09-01,99,1,207.36,3,2,1,6,Hibernating,1,0.7238
15307,United Kingdom,2011-09-05,2011-09-05,95,1,205.3,3,2,1,6,Hibernating,1,0.7238
17891,United Kingdom,2011-06-30,2011-06-30,162,1,203.86,3,2,1,6,Hibernating,1,0.7238
18169,United Kingdom,2011-10-10,2011-10-10,60,1,202.65,3,1,1,5,Hibernating,0,0.8226
18281,United Kingdom,2010-05-11,2011-06-12,180,2,201.14,3,2,1,6,Hibernating,1,0.7187
17693,United Kingdom,2011-07-25,2011-07-25,137,1,200.47,3,2,1,6,Hibernating,1,0.7238
15593,United Kingdom,2011-09-30,2011-09-30,70,1,199.8,3,1,1,5,Hibernating,0,0.8226
18126,United Kingdom,2011-10-10,2011-10-10,60,1,198.58,3,1,1,5,Hibernating,0,0.8226
15746,United Kingdom,2011-07-28,2011-07-28,134,1,196.88,3,2,1,6,Hibernating,1,0.7238
16112,United Kingdom,2011-01-05,2011-07-19,143,4,195.74,3,3,1,7,Hibernating,1,0.5786
17475,United Kingdom,2011-09-21,2011-09-21,79,1,194.37,3,1,1,5,Hibernating,0,0.8226
14100,United Kingdom,2011-07-25,2011-07-25,137,1,191.95,3,2,1,6,Hibernating,1,0.7239
15909,United Kingdom,2011-06-19,2011-06-19,173,1,191.94,3,2,1,6,Hibernating,1,0.7239
15412,United Kingdom,2011-06-21,2011-06-21,171,1,190.53,3,2,1,6,Hibernating,1,0.7239
13972,United Kingdom,2011-05-22,2011-09-30,70,2,190.25,3,2,1,6,Hibernating,0,0.7187
13826,United Kingdom,2011-06-16,2011-06-16,176,1,189.5,3,2,1,6,Hibernating,1,0.7239
14801,United Kingdom,2011-10-09,2011-10-09,61,1,189.34,3,1,1,5,Hibernating,0,0.8226
17781,United Kingdom,2011-03-31,2011-07-03,159,2,188.02,3,2,1,6,Hibernating,1,0.7187
18013,United Kingdom,2011-07-07,2011-07-07,155,2,187.29,3,2,1,6,Hibernating,1,0.7187
13568,United Kingdom,2011-06-19,2011-06-19,173,1,187.05,3,2,1,6,Hibernating,1,0.7239
12641,Sweden,2011-08-16,2011-08-16,115,1,185.9,3,2,1,6,Hibernating,1,0.7239
16594,United Kingdom,2011-09-25,2011-09-25,75,1,181.09,3,1,1,5,Hibernating,0,0.8226
15895,United Kingdom,2011-07-13,2011-07-13,149,1,179.17,3,2,1,6,Hibernating,1,0.7239
17879,United Kingdom,2011-06-19,2011-06-19,173,1,178.52,3,2,1,6,Hibernating,1,0.7239
13618,United Kingdom,2011-06-19,2011-06-19,173,1,177.34,3,2,1,6,Hibernating,1,0.7239
17331,United Kingdom,2011-08-08,2011-08-08,123,1,175.2,3,2,1,6,Hibernating,1,0.7239
14518,United Kingdom,2011-10-06,2011-10-06,64,1,174.37,3,1,1,5,Hibernating,0,0.8226
15256,United Kingdom,2010-05-27,2011-07-14,148,2,170.4,3,2,1,6,Hibernating,1,0.7187
18099,United Kingdom,2011-08-04,2011-08-04,127,1,168.31,3,2,1,6,Hibernating,1,0.7239
18037,United Kingdom,2009-12-01,2011-07-08,154,15,167.42,3,5,1,9,Hibernating,1,0.249
13967,United Kingdom,2010-11-08,2011-07-17,145,2,166.3,3,2,1,6,Hibernating,1,0.7187
18088,United Kingdom,2011-10-09,2011-10-09,61,1,166.03,3,1,1,5,Hibernating,0,0.8226
13470,United Kingdom,2011-08-16,2011-09-01,99,2,165.0,3,2,1,6,Hibernating,1,0.7188
18146,United Kingdom,2011-05-03,2011-07-22,140,2,160.35,3,2,1,6,Hibernating,1,0.7188
13420,United Kingdom,2011-06-22,2011-07-13,149,2,159.85,3,2,1,6,Hibernating,1,0.7188
13302,United Kingdom,2010-07-01,2011-07-07,155,2,159.2,3,2,1,6,Hibernating,1,0.7188
16213,United Kingdom,2011-09-22,2011-09-22,78,1,159.0,3,1,1,5,Hibernating,0,0.8226
15348,United Kingdom,2011-09-28,2011-09-28,72,1,158.04,3,1,1,5,Hibernating,0,0.8226
15007,United Kingdom,2011-07-03,2011-07-03,159,1,156.91,3,2,1,6,Hibernating,1,0.7239
14406,United Kingdom,2011-08-12,2011-08-12,119,1,156.75,3,2,1,6,Hibernating,1,0.7239
15438,United Kingdom,2011-07-31,2011-07-31,131,1,156.58,3,2,1,6,Hibernating,1,0.7239
15263,United Kingdom,2011-08-25,2011-08-25,106,1,156.51,3,2,1,6,Hibernating,1,0.7239
17899,United Kingdom,2011-07-03,2011-07-03,159,1,154.55,3,2,1,6,Hibernating,1,0.7239
16248,United Kingdom,2011-10-09,2011-10-09,61,1,152.94,3,1,1,5,Hibernating,0,0.8226
18200,United Kingdom,2011-08-25,2011-08-25,106,1,150.35,3,2,1,6,Hibernating,1,0.7239
13003,United Kingdom,2011-05-09,2011-08-26,105,3,149.05,3,3,1,7,Hibernating,1,0.5848
17030,United Kingdom,2011-10-07,2011-10-07,63,1,146.87,3,1,1,5,Hibernating,0,0.8226
13866,United Kingdom,2011-09-26,2011-09-26,74,1,145.67,3,1,1,5,Hibernating,0,0.8226
15937,United Kingdom,2011-10-06,2011-10-06,64,1,145.35,3,1,1,5,Hibernating,0,0.8226
14972,United Kingdom,2010-11-23,2011-08-03,128,2,145.07,3,2,1,6,Hibernating,1,0.7188
14109,United Kingdom,2011-09-28,2011-09-28,72,1,144.2,3,1,1,5,Hibernating,0,0.8226
13483,United Kingdom,2011-10-05,2011-10-05,65,1,140.34,3,1,1,5,Hibernating,0,0.8226
14772,United Kingdom,2011-08-19,2011-08-19,112,1,139.26,3,2,1,6,Hibernating,1,0.7239
13273,United Kingdom,2011-08-18,2011-08-18,113,1,138.98,3,2,1,6,Hibernating,1,0.7239
15663,United Kingdom,2011-08-25,2011-08-25,106,1,138.14,3,2,1,6,Hibernating,1,0.7239
13279,United Kingdom,2011-09-22,2011-09-22,78,1,137.75,3,1,1,5,Hibernating,0,0.8226
16462,United Kingdom,2011-03-01,2011-09-27,73,3,136.0,3,3,1,7,Hibernating,0,0.5848
12968,United Kingdom,2011-08-19,2011-08-19,112,1,135.95,3,2,1,6,Hibernating,1,0.7239
16114,United Kingdom,2011-06-22,2011-06-22,170,1,135.75,3,2,1,6,Hibernating,1,0.7239
17960,United Kingdom,2010-03-08,2011-06-21,171,3,135.08,3,3,1,7,Hibernating,1,0.5848
13364,United Kingdom,2011-09-29,2011-09-29,71,1,134.96,3,1,1,5,Hibernating,0,0.8226
12512,Israel,2011-10-04,2011-10-04,66,2,132.18,3,2,1,6,Hibernating,0,0.7188
14795,United Kingdom,2011-06-26,2011-06-26,166,1,131.45,3,2,1,6,Hibernating,1,0.7239
16828,United Kingdom,2011-08-19,2011-09-07,93,2,128.5,3,2,1,6,Hibernating,1,0.7188
15578,United Kingdom,2011-06-30,2011-06-30,162,1,127.1,3,2,1,6,Hibernating,1,0.7239
13666,United Kingdom,2009-12-04,2011-10-10,60,5,127.05,3,4,1,8,Hibernating,0,0.4308
12814,Poland,2011-08-30,2011-08-30,101,1,125.92,3,2,1,6,Hibernating,1,0.7239
13876,United Kingdom,2011-10-07,2011-10-07,63,1,122.7,3,1,1,5,Hibernating,0,0.8226
13244,United Kingdom,2011-09-08,2011-09-08,92,1,121.74,3,2,1,6,Hibernating,1,0.7239
17446,United Kingdom,2011-02-02,2011-06-16,176,2,120.9,3,2,1,6,Hibernating,1,0.7188
14259,United Kingdom,2011-07-21,2011-07-21,141,1,120.0,3,2,1,6,Hibernating,1,0.7239
17079,United Kingdom,2011-09-22,2011-09-22,78,1,118.8,3,1,1,5,Hibernating,0,0.8226
14076,United Kingdom,2011-08-02,2011-08-02,129,1,118.67,3,2,1,6,Hibernating,1,0.7239
16959,United Kingdom,2011-09-13,2011-09-13,87,1,117.35,3,2,1,6,Hibernating,0,0.7239
14143,United Kingdom,2011-07-29,2011-07-29,133,1,115.8,3,2,1,6,Hibernating,1,0.7239
18027,United Kingdom,2011-09-02,2011-09-02,98,1,115.31,3,2,1,6,Hibernating,1,0.7239
16247,United Kingdom,2011-06-22,2011-06-22,170,1,114.56,3,2,1,6,Hibernating,1,0.7239
14652,United Kingdom,2011-09-23,2011-09-23,77,1,114.18,3,1,1,5,Hibernating,0,0.8226
13193,United Kingdom,2011-10-09,2011-10-09,61,1,112.08,3,1,1,5,Hibernating,0,0.8226
12756,Japan,2011-09-14,2011-09-14,86,1,112.08,3,2,1,6,Hibernating,0,0.7239
17887,United Kingdom,2011-08-02,2011-08-02,129,1,111.35,3,2,1,6,Hibernating,1,0.7239
15537,United Kingdom,2011-06-29,2011-06-29,163,1,110.92,3,2,1,6,Hibernating,1,0.7239
17957,United Kingdom,2011-10-04,2011-10-04,66,1,110.72,3,1,1,5,Hibernating,0,0.8226
16106,United Kingdom,2011-10-05,2011-10-05,65,1,108.38,3,1,1,5,Hibernating,0,0.8226
14027,United Kingdom,2011-10-10,2011-10-10,60,1,104.82,3,1,1,5,Hibernating,0,0.8226
16498,United Kingdom,2011-06-30,2011-07-01,161,2,100.97,3,2,1,6,Hibernating,1,0.7188
17427,United Kingdom,2011-09-29,2011-09-29,71,1,100.8,3,1,1,5,Hibernating,0,0.8226
17939,United Kingdom,2011-07-03,2011-07-03,159,1,99.14,3,2,1,6,Hibernating,1,0.7239
12548,Spain,2011-06-26,2011-06-26,166,1,95.2,3,2,1,6,Hibernating,1,0.7239
18033,United Kingdom,2011-10-05,2011-10-05,65,1,93.82,3,1,1,5,Hibernating,0,0.8226
14054,United Kingdom,2011-10-05,2011-10-05,65,1,92.46,3,1,1,5,Hibernating,0,0.8226
13947,United Kingdom,2011-10-05,2011-10-05,65,1,90.6,3,1,1,5,Hibernating,0,0.8227
14117,United Kingdom,2011-07-19,2011-07-19,143,1,90.0,3,2,1,6,Hibernating,1,0.7239
15603,United Kingdom,2010-03-01,2011-09-22,78,2,88.48,3,2,1,6,Hibernating,0,0.7188
15541,United Kingdom,2011-08-17,2011-08-17,114,1,85.13,3,2,1,6,Hibernating,1,0.7239
17628,United Kingdom,2011-09-19,2011-09-19,81,1,75.75,3,2,1,6,Hibernating,0,0.724
13095,United Kingdom,2011-09-30,2011-09-30,70,1,74.4,3,1,1,5,Hibernating,0,0.8227
17747,United Kingdom,2011-08-19,2011-08-19,112,1,71.4,3,2,1,6,Hibernating,1,0.724
13130,United Kingdom,2011-09-06,2011-09-06,94,1,64.0,3,2,1,6,Hibernating,1,0.724
13218,United Kingdom,2011-08-04,2011-08-04,127,1,62.64,3,2,1,6,Hibernating,1,0.724
15313,United Kingdom,2011-08-21,2011-08-21,110,1,52.0,3,2,1,6,Hibernating,1,0.724
17844,Canada,2011-08-25,2011-08-25,106,1,51.56,3,2,1,6,Hibernating,1,0.724
14351,United Kingdom,2011-06-28,2011-06-28,164,1,51.0,3,2,1,6,Hibernating,1,0.724
16257,United Kingdom,2011-06-16,2011-06-16,176,1,46.95,3,2,1,6,Hibernating,1,0.724
15744,United Kingdom,2011-09-23,2011-09-23,77,1,34.8,3,1,1,5,Hibernating,0,0.8227
16454,United Kingdom,2010-04-07,2011-10-06,64,3,29.95,3,3,1,7,Hibernating,0,0.5849
16093,United Kingdom,2011-08-25,2011-08-25,106,1,17.0,3,2,1,6,Hibernating,1,0.724
16878,United Kingdom,2011-09-16,2011-09-16,84,1,13.3,3,2,1,6,Hibernating,0,0.724
14792,United Kingdom,2011-10-07,2011-10-07,63,1,6.2,3,1,1,5,Hibernating,0,0.8227
